;sample;annotation
0;форма для выпечки;
1;фарш свиной;
2;сок ананасовый без сахара;
3;еринги;
4;молооко;
5;поролок;
6;свмнина;
7;припрааа для рыбы;
8;сулугцн;
9;mitti;
10;пастеризованна;
11;полуфабрикаиы;
12;семена экон;
13;соус по грузински;
14;то матная паста;
15;фаворит;
16;ополаскиватель. для белья;
17;сливкп;
18;бамбу;
19;nishoom;
20;семушка орех;
21;немолоко;
22;прочий чай;
23;сейчас мантел;
24;петмол;
25;сырокопчёная;
26;chco;
27;сосиски желе;
28;гречкан;
29;cheese;
30;dr.oetker ванильны;
31;антистати;
32;очки гала;
33;сов;
34;atlantic плавки;
35;мясо свинина индейка;
36;соседдушка трубочка;
37;хлеб белый батон;
38;огурцы маринованные;
39;маслины vitalan;
40;маринованое;
41;сосиски,;
42;оп;
43;удлинители камели;
44;пастеризованн;
45;сырок за из;
46;крекер baul;
47;нблины;
48;крриандр;
49;сыорок;
50;моющее доя посуды;
51;тостоввй;
52;омич;
53;кпсуы;
54;пацонез;
55;шашлычн;
56;кружки;
57;альбомы brauberg;
58;бокс с игрушкой;
59;ядро;
60;сардельки унипр;
61;пдоельники;
62;сгцщеное;
63;яблоки фуджи;
64;помидораы;
65;игрушки;
66;кружек факелман;
67;очиститель наки;
68;печенье орео;
69;сыи;
70;шампиньёны;
71;трусо;
72;докторскя;
73;виныапитки;
74;белый хлеб нарезной;
75;катык тольяттимолок;
76;merries трусик;
77;обложки prof;
78;тряпки;
79;карнишоны;
80;редис белоруч;
81;прочие овощные;
82;шампаиньоны;
83;комнский;
84;ананс;
85;шоксики;
86;пилинг;
87;овлщи;
88;помидорчики;
89;сыром плавленый;
90;вада со вкусом;
91;сахар тросниковый;
92;цыпоенок;
93;сапоги защитн;
94;мармелаэз;
95;шпикачики;
96;кисточ;
97;булочка с вишней;
98;буллска с черникой;
99;сироп топинамбура;
100;овощные смес;
101;хлеб каравай;
102;постный майонез;
103;рубатки;
104;свече;
105;гель gra;
106;ванилик;
107;чаек;
108;уукуруза;
109;сельдь крепкосолен;
110;ананасовый;
111;бефс;
112;сгущенок;
113;апельстны;
114;рожк;
115;круасан;
116;шпрроты;
117;макарноны;
118;стразы;
119;зелё;
120;хлуб;
121;зелень укроп;
122;конопл;
123;слой;
124;вермишель быстро приготовления;
125;рте;
126;нф калькуляторы;
127;моркол;
128;сырникио;
129;мука цельно;
130;капустые;
131;rri;
132;гель jun;
133;сок сады вишня;
134;spicexpert перцев;
135;подушечки хрутка;
136;маринованая;
137;бяшбармачная;
138;aktive;
139;халапенье;
140;зелень;
141;ветчинн;
142;жевательня;
143;гранаи;
144;сладояр прян;
145;джениус подскажи;
146;зубных щет;
147;liss krouy;
148;сыр ежедень;
149;варен.;
150;наборы инструментов;
151;грудкк;
152;mivimix;
153;свнина;
154;алкнка;
155;булур;
156;сыр карат;
157;triol миск;
158;телятины мороженн;
159;рекс;
160;lph;
161;печень куриная;
162;брюкв;
163;напиток fresh тропический;
164;вишнювич;
165;творожныц;
166;соломка lore;
167;медовуха афанас;
168;твистер;
169;гбка;
170;зелёный чай;
171;черкизово шпикач;
172;крабаы;
173;гречес4ий;
174;sens;
175;все для праздника;
176;nrmoloko;
177;мел crayol;
178;ручки trilobi;
179;карпаче;
180;туалнтная;
181;апельсиновы;
182;губка металлическая для посуды;
183;быстров каш;
184;туалктняя;
185;тортик petr;
186;добродел сало;
187;коптильный;
188;петрушкв;
189;картофельные чипсы;
190;спреды милков;
191;вода газированная да;
192;тыква fresc;
193;шпагетти;
194;урбечь;
195;fit kit;
196;хлеб тостерный;
197;чай майский крупнолистовой;
198;перча;
199;соус унаги;
200;гранулах bag;
201;капучиа;
202;копченая грудинка;
203;сокт;
204;ониа;
205;грече;
206;лапша да из;
207;мука пшен;
208;соленая карамель;
209;сардельки;
210;ароматизтор;
211;глзировка;
212;бублик атрус;
213;пельиени;
214;яблоки кислые;
215;какао гранулированный;
216;горбушей;
217;суп с буквами;
218;с корицей;
219;борщава;
220;ара;
221;limpopo крас;
222;бездрржжевой;
223;пылесосов philip;
224;жпроты;
225;lotus диск;
226;для мытья детской посуды;
227;фрутанян;
228;пончо;
229;курица производст;
230;майон;
231;колбаса ливерная;
232;крупка кукурузн;
233;селяно;
234;прокладких;
235;суфле yax;
236;хмели сун;
237;фругур;
238;вода минер;
239;вый;
240;маслины без комточек;
241;красная цена кукуруза;
242;ветчинп;
243;памидоры;
244;мужские набо;
245;кислос;
246;картоофнель;
247;имбиря приправыч;
248;пеиолюк;
249;электричпеские;
250;освежттель;
251;иайонец;
252;сашями;
253;умкк торто;
254;производство заливные;
255;бадьян sonnentor;
256;макарнны;
257;мыло хозяйственное;
258;корм кош сухой;
259;когтеточки;
260;кетчупо;
261;хлеб с семечками;
262;капуста брокколи;
263;гречески1;
264;моо;
265;шоколадов;
266;ловушки;
267;манжарины;
268;стекломой комфо;
269;сумка louman;
270;голубцы мясославль;
271;клбаска;
272;мороженае;
273;кури;
274;пахлава pet;
275;атяшево снежок;
276;зонты sil;
277;сок красни. цена;
278;sonno диффузо;
279;пазлы;
280;бьинчики;
281;напоонитель;
282;купаты crayol;
283;коржи дл торт;
284;пшенов;
285;полировка автомобиля;
286;макар;
287;горчича;
288;кипель;
289;sladko баклажа;
290;крекеры вв;
291;карртофель;
292;чай гринфилд;
293;шампунь;
294;shokc;
295;сырок глазированый;
296;orio;
297;муйонез;
298;ручко;
299;капуста свежий урожай;
300;коуасаны;
301;сокдство для посуды;
302;масло топленое;
303;подкладки;
304;дрожжи dr.bake;
305;соус сацебели;
306;шоколадное;
307;горршек;
308;блины с вишней;
309;варенька;
310;ботинки бимбо;
311;виски стм;
312;sheetos;
313;желудочк;
314;сыр плавлененый;
315;кинз;
316;в томатном соусе рыьа;
317;негири;
318;магур;
319;холодные чаи;
320;масль;
321;чай lipt;
322;хозяйственные;
323;расссольник;
324;чипсы с лососем;
325;hohcland;
326;круасанн;
327;хлеб зерн;
328;маги для борща;
329;яйцо курин;
330;аанилин;
331;huggis;
332;ипсы;
333;порошок для ручнрй;
334;батарейкиу;
335;сырок творожн;
336;колбаса копченная;
337;помижорыг;
338;дапша для ужона;
339;чай nadi;
340;бумага подарочн;
341;угле поле;
342;коые в зернах;
343;кофе на паях;
344;морша;
345;ягодное лукошко;
346;вд питьея;
347;фетнес;
348;жасмином;
349;мускатный орех;
350;кабачковач;
351;белый рис;
352;пицца;
353;пюре сухое;
354;огородников уксу;
355;ччлки;
356;хоеб тостовый;
357;булочка доя бургера;
358;сахаор;
359;спичуи;
360;яблоко вишня;
361;полукопченные колбаск;
362;кремобоны;
363;сковороды, сотейник;
364;морожее;
365;конфеты шоколадные;
366;баклажаны slad;
367;кукцрузнве палочк э;
368;голубцы элик;
369;кавртошка;
370;близна;
371;штучка;
372;конопля;
373;сметага;
374;молнко;
375;сейчас lusin;
376;лда;
377;gheetos;
378;сухарики с семгой;
379;lavaz;
380;mamb;
381;скумбрии;
382;томатную;
383;хаусманн быстро;
384;грибы свежи;
385;ваниль парф;
386;капуста цвет;
387;пиво navigator;
388;аккумуляторы;
389;сок0;
390;белое виноградно;
391;средства защиты;
392;заморожен;
393;confesso;
394;простквашп;
395;разрыжлитель;
396;ne moloko;
397;щашлык;
398;haas ванильны;
399;цикррий;
400;пирожковое;
401;тогурт;
402;смесь приправ;
403;stardent;
404;приправа жля картофеля;
405;каша в пакетиках быстрого приготовления;
406;вода лимон лайм;
407;фруктовое пю;
408;свеко;
409;мультидом крыш;
410;фасоль красная;
411;curties;
412;вафли шоколадные;
413;мясное пюре для пупсов;
414;полукопченое колба;
415;порошок доя посуды;
416;мини круассаны;
417;поостоквашино;
418;шпик рамфу;
419;мандартгы;
420;помл;
421;яблочное пюре;
422;крыжовн;
423;трусы incanto;
424;глазированны;
425;аккумуляторы кому-нибудь;
426;тешенка;
427;devore или;
428;яйа перпелиная;
429;сухая смесь;
430;сертуки;
431;агроэко;
432;подогревающая техни;
433;дессерт;
434;хризантема;
435;рыбный фа;
436;молочный коктейл;
437;pompea трусо;
438;слодыч;
439;овсянок;
440;убны пасты;
441;коннфеты;
442;лукумы дзержинскхл;
443;тесто доя пельменей;
444;соус для бергеров;
445;подгузники мерисы;
446;терияке;
447;отбелеватель;
448;перчатки liberha;
449;новогодние деревья;
450;фруктзоа;
451;немоко;
452;фрикасе;
453;хлеб для сэндвича;
454;чиабата lo;
455;цикормй;
456;клубника со сливками;
457;хлебницы брабант;
458;колготки;
459;snic;
460;сельщь;
461;яиц;
462;сливки питьевое;
463;миндал;
464;нектар спды придонья;
465;хамелеон;
466;питевои;
467;lpton;
468;морковт;
469;холодного копчени;
470;шоколадаа;
471;сыры прочи;
472;дмитровский творог;
473;желатин айдиг;
474;растительны;
475;lin;
476;seasons краска;
477;lorens;
478;bodyart диск;
479;сухие дрожжи;
480;пальто grishk;
481;сельдь в винном;
482;belester;
483;миниералтная;
484;картофельх;
485;пасло сливочное;
486;вода эдельвейс;
487;econta таблетк;
488;borjom;
489;булочка с ку;
490;мармелпд;
491;хлеб горчичный;
492;бездоожжевой;
493;барануи;
494;ммлка;
495;nutrillion;
496;халапеню;
497;kado;
498;творогом;
499;сом белгородры;
500;топленно;
501;отверток н;
502;кукурцза;
503;шинка;
504;салатниц;
505;маринован;
506;серыш;
507;корицы пар;
508;поплкорн;
509;мультифрут;
510;lieberdodf;
511;тарелка fial;
512;нагггетсы;
513;тумпоны;
514;оисовая;
515;калачик главхл;
516;тарелки luminarc;
517;рыденка;
518;блинза;
519;було;
520;marta тосте;
521;крыль;
522;малиныч;
523;для мусора;
524;хлеб селяночка белый;
525;curver крышки;
526;сгущенный молочны;
527;срочно tsuribito;
528;свинина морожена;
529;виш;
530;мака;
531;детские;
532;конервы;
533;кофке;
534;сельдь слабосоленая;
535;свекловь;
536;томаиы;
537;бюстгальтер милавица;
538;терка доя посуды;
539;брынза тенд;
540;имбиря приправы;
541;докторскую;
542;суп сырный;
543;bradex мя;
544;заменители икры;
545;сахйар;
546;снежок вкуснотеево;
547;плмидорв;
548;гранулах bagi;
549;бальзамически;
550;прокладкы;
551;снеки мясные;
552;skandik;
553;овощной;
554;рклет;
555;сахарь;
556;кофе в пакету;
557;акваф;
558;хлеб²;
559;охлажая;
560;салфеттки;
561;молоко без;
562;север экле;
563;средство для подмывания;
564;ростагроэкспорт сам;
565;легкие;
566;иркутская;
567;напалнител;
568;бондюэль;
569;ьулгур;
570;моркоаь;
571;копхмал;
572;соуы астория;
573;шоколадные пасты;
574;греческие;
575;подушечк;
576;свекла тендер;
577;забава;
578;очки g&g;
579;пастит;
580;студнеь;
581;goidmix;
582;вода с носиком;
583;ядра арахиса;
584;обломовка;
585;сыр васькино счастье;
586;пр!ст хлебцы;
587;vogue журнал;
588;пирожоное;
589;нектар j;
590;соуз;
591;буксировка автомобил;
592;крылаш;
593;макарогны;
594;нф ошейни;
595;стерилизованное молок;
596;торты хелла;
597;энергетиуи;
598;альбомов herlitz;
599;трески aga;
600;гоочица;
601;nutel;
602;быстров ка;
603;помидар;
604;carat горчиц;
605;крнсервы;
606;сырл(;
607;фета;
608;ьтворог;
609;анси;
610;окскок;
611;сербская;
612;алоэ;
613;бумаги;
614;пельменья;
615;кши;
616;нутла;
617;блины, блинчи;
618;тесто охлажденн;
619;хачапур;
620;кофе молотый монарх;
621;гречв;
622;олиаье;
623;буксировка автомобилей;
624;минерад;
625;красный перец ос;
626;гцбки для посуды;
627;полукопченная колбаск;
628;фруктовая смесь;
629;мармелада;
630;молокон;
631;холрдец;
632;salton растяжител;
633;тимыян;
634;шашлыки;
635;ori гольфы;
636;напиток sanpellegrin;
637;колбоса докторская;
638;батарейки ста;
639;шиповн;
640;яблок белоручк;
641;рыбн;
642;айсберг салат;
643;малолко;
644;пенм;
645;бальзам-;
646;ремесленный;
647;печеночн;
648;феникс спичк;
649;шоколаду;
650;американо;
651;фасоль в томатном соусе;
652;vitek мультиварки;
653;макорогы;
654;ром экстр;
655;шеколадка;
656;мирель;
657;твороги;
658;пингвин скумбр;
659;шампунь для жирных;
660;квасо;
661;felix;
662;пармалат;
663;суос;
664;curis;
665;средство для мытия;
666;чищенные;
667;черкизово;
668;сырокв;
669;энергеэ;
670;сгущонка;
671;хлеб нарезной;
672;хлиб;
673;наполнителл;
674;яблоки global village;
675;мороженное в рожке;
676;катошка;
677;спрей для зеркал;
678;конверт с вишней;
679;иыйонез;
680;томаты свежие;
681;хлопья шарики;
682;кукуруза;
683;подсолнечное масло крас;
684;кашкп;
685;помиидор;
686;арирам блинчики;
687;марципан;
688;колюоса;
689;перец чёрный горошек;
690;плавки te;
691;груши;
692;ambasador;
693;сухирики;
694;морковчп;
695;сахарй;
696;мочник;
697;соленья;
698;kalgon;
699;грецпфрут;
700;иогуртн;
701;приправа зира;
702;рскийбискит;
703;чк ак;
704;кофе растворимый fresco;
705;галеты petra;
706;муравений;
707;панамы призе;
708;однораовыеплатки;
709;варено-копченое сызра;
710;болоньезк;
711;паэлия;
712;gree;
713;балзам;
714;влажные салфетки для детей;
715;приправа прованские травы;
716;кобинзон;
717;грудин;
718;бантик;
719;салатнико;
720;richa;
721;фруктовые пюре;
722;evo;
723;однразовы стаок;
724;тостер mart;
725;або конеты;
726;мука;
727;диски safir;
728;отбелив;
729;икра сельди;
730;булочкиз;
731;чипаы из печи;
732;батон каравай;
733;пулдинг;
734;ilu;
735;биг;
736;птица див;
737;посудное;
738;влные;
739;suar&pi;
740;батончик с миндалем;
741;курицы мирато;
742;слабода;
743;картофелем;
744;краб;
745;инкерман шампанск;
746;тушка цып;
747;бутылочки, поильники;
748;халва petr;
749;каша овсяные хлопья;
750;картофдель;
751;konri;
752;эпиляторы;
753;сметпн;
754;сметанаю;
755;клубни;
756;сласти;
757;семечки от ма;
758;грунты, то;
759;картофеля стм;
760;иогурты;
761;корм вла;
762;вастэко завтр;
763;малиной;
764;herbar;
765;перлов;
766;индана;
767;творог зерно;
768;твородныц;
769;коемол электричские;
770;малина варенье;
771;сосис. альмак;
772;стакано;
773;пищевой плен;
774;бахрушин шп;
775;cода;
776;шарлиз халва;
777;ромидоры;
778;ли;
779;katty;
780;мороженое со сгущёнкой;
781;морс спелен;
782;квасж;
783;мюслиа;
784;унга;
785;молоко;
786;оладьт;
787;калбса;
788;булемен;
789;сметанай;
790;яцй;
791;чай малина;
792;фарш.;
793;когсервы;
794;йогуртп;
795;саланки;
796;фен tefa;
797;морковки;
798;чёрный чай;
799;брынзв;
800;спагеьти;
801;шоколад кокос;
802;альбомы brauber;
803;gori;
804;пшеноу;
805;сала;
806;зубные щетки;
807;фасоль буздякск;
808;колбасад;
809;вишня мороз;
810;сливочнок;
811;вода красная ц;
812;творог б.ю.александр;
813;кисломолочная смесь;
814;ra;
815;лобзик;
816;печенье fazer;
817;картофео;
818;сырокопченно;
819;кондиционер для бель;
820;abs;
821;утенок;
822;растшка;
823;сок грушевый;
824;книжка ам ням;
825;camamber;
826;кртошка пюре быстрого приготовления;
827;голубцы ski;
828;сооус;
829;jaguar;
830;орео;
831;молоко счастливое детство;
832;лук¹;
833;шокола;
834;сердце;
835;авангард батон;
836;соломкой с солью;
837;шейки;
838;мини хлебцы;
839;бутылочки, поильни;
840;с апликаторо;
841;йгулрт;
842;горошек без добавления;
843;чечевица!;
844;сухарики с солью;
845;медовое;
846;аппетитеа;
847;пирожегое;
848;если стельки;
849;календари м;
850;миерал;
851;овсяный;
852;оарелка;
853;туалетная бумага;
854;kontik;
855;иогу;
856;ряжену;
857;марожена;
858;картофелтное;
859;picnik;
860;микс из орехов;
861;нектар беллакт;
862;освяное;
863;тушка цыплёнка;
864;палочка русалочка;
865;шарлиз;
866;детский порошок стиральный;
867;зельне;
868;средосво для посуды;
869;штурвал шпрот;
870;чалфетки для кухни;
871;макаронц;
872;милкт;
873;babylox;
874;огурцов;
875;малоежку;
876;чечнвица;
877;яблокт;
878;укропо;
879;лук репча;
880;отрубн;
881;чблочный с мякотью;
882;морковка;
883;хлебушек;
884;воздушные колечки;
885;рисовое;
886;сухая горчица;
887;матча;
888;сгущёно;
889;желатин айдиго;
890;морковь пе-корейски;
891;чибупица;
892;мороженое чистая лин;
893;ийогурты;
894;хле;
895;прованские;
896;фаршю;
897;творог зерновой;
898;ristrett;
899;гарчиц;
900;twiz;
901;фрэш;
902;чиабата тобус;
903;минтай в панировке;
904;кровать;
905;корку;
906;апельсиновый сок 2 литра;
907;подушечки nestl;
908;перчатеи;
909;garling коньяка;
910;наггетсы куриные;
911;пюрег;
912;иогарт;
913;мясные снеки;
914;торты1;
915;ол йс;
916;ряженув;
917;мооковт;
918;куриный суп;
919;охлажденный;
920;зонтик silv;
921;плавленнвй;
922;горчицы принт;
923;булькн;
924;herbariu;
925;коллекция наволочки;
926;пингвин скумбрия;
927;йогрут питьевой;
928;влажные салфетки антибактериальные;
929;чашек;
930;кофе нескафе гол;
931;вмука;
932;мороженоем;
933;коктейл;
934;запеченна;
935;льна;
936;рыба в вакууме;
937;сырок творожный с изюмом;
938;череомлив;
939;фольга для за;
940;полотенцп;
941;пашабахче тебе;
942;glade диффуз;
943;фруктов;
944;птиним;
945;подсвечники;
946;зефир в грур;
947;семечки солёные;
948;кабачр;
949;гель ля стирки;
950;рыьба;
951;отстеры;
952;skittl;
953;клеичатка;
954;иолоко;
955;тортики;
956;exponeta;
957;кол;
958;homepet переноск;
959;лечение вол;
960;бурек;
961;марожоное;
962;мультифрук;
963;мацарелл;
964;джин nemiro;
965;приправа чеснок;
966;салыеткм;
967;pemol;
968;галант зонты;
969;булки дом выпечки;
970;радио-тлеефоны;
971;порционные сливки;
972;гранатов;
973;laima крем;
974;хлбе;
975;огурцы по берли;
976;творог обезжиренный;
977;стаканн;
978;вишня черешня;
979;слада ири;
980;сыр плавленные;
981;гомогенизированны;
982;облебиха;
983;катык тольяттимолоко;
984;маслинка;
985;штрудич;
986;злопья;
987;протеинов;
988;рафинат;
989;макероны;
990;ламша;
991;чпй в пакетиках;
992;окунь;
993;окорочек;
994;чеыйхлеб;
995;салфетв;
996;салат айс;
997;chico;
998;варенная;
999;рис жасмин;
1000;зельцы;
1001;сырки гла;
1002;фрута;
1003;мороженое без саха;
1004;нигири;
1005;дрели-шуруповерты;
1006;кесадилья;
1007;онигирих;
1008;приправа для ухуха;
1009;элитный;
1010;таорожки с малино;
1011;булугу;
1012;пустышки, сос;
1013;пеллмени;
1014;донисимо;
1015;заварной чайн;
1016;fenis-preznt;
1017;перрец;
1018;exxe порош;
1019;пдоовая;
1020;фотёграфии;
1021;кроха панам;
1022;arivall;
1023;кэефир;
1024;крекер с сыром;
1025;диски bodya;
1026;кетчуп чили;
1027;колбаску;
1028;mskhko;
1029;спички li;
1030;красок albi;
1031;тыквенны;
1032;торо;
1033;салатницы;
1034;красок albion;
1035;сыр сверхтвердый;
1036;кабачкавая;
1037;набор конфета;
1038;гречу;
1039;mission;
1040;кочено-запеченные;
1041;абрик;
1042;шпагети;
1043;makfa суф;
1044;кпеветки;
1045;seeberger чечевицы;
1046;шампунть;
1047;крнм для тела;
1048;тормыш;
1049;слабосоленный;
1050;порошок для выпечки;
1051;мороженое клубничное;
1052;сгежка;
1053;слиыочный;
1054;бездрождевой;
1055;моцарелла шарики;
1056;наполритель;
1057;овсянач;
1058;нжо;
1059;квас vasileosrovsko;
1060;спира;
1061;спаггетти;
1062;пр!ст гигиеническ;
1063;степлера iceberg;
1064;минералкп;
1065;бальзамичнский;
1066;урахмал;
1067;помидоре;
1068;югурт;
1069;огруроец;
1070;туплетна;
1071;апьбомов;
1072;рулон бумажных поло;
1073;разрыхлительн;
1074;выпечка;
1075;боржом в стекле;
1076;ватрушкп;
1077;cea;
1078;пюре тыква;
1079;напиток сокосодержащий;
1080;дягтярное;
1081;sneg положи;
1082;яблочки производст;
1083;сырыплаленны;
1084;круассан лим;
1085;rti;
1086;злеб белый;
1087;икра с копченным;
1088;творог обе;
1089;neomoloko;
1090;икр;
1091;перч;
1092;пирожкное;
1093;хлебница;
1094;сахаре;
1095;макараны;
1096;гольфы orodoro;
1097;зубные пасты;
1098;вода святой источник 5л;
1099;кровяные миратор;
1100;хлебх;
1101;туалет для кота;
1102;баклажан тенд;
1103;bradex мяч;
1104;набор чайны;
1105;огурцы марино;
1106;кока;
1107;печенье чайное;
1108;томаттная;
1109;макароны baisad рожки;
1110;скумбртя;
1111;пакеты для заморозки;
1112;коньяк остро;
1113;масло золотая семеска;
1114;томаты тертые;
1115;свечи;
1116;алреналин;
1117;кисель айди;
1118;римблок;
1119;кокиейль;
1120;кусковой мистрал;
1121;laumon;
1122;пельмени абсолют(мясо;
1123;кукуруза ромашкин;
1124;рафина;
1125;туалетлная;
1126;картофель с приправой;
1127;disney зефи;
1128;пирожное картошка;
1129;нагревательные элемент;
1130;желудкм;
1131;приправа к курице;
1132;шампунт;
1133;безлактозн;
1134;бутерб;
1135;бургерные;
1136;оломо;
1137;соус терияки;
1138;десерт чудо;
1139;приправа доя картошки;
1140;морковьг;
1141;рис золо;
1142;фейхао;
1143;таорожная;
1144;чернослиа;
1145;слоеный;
1146;тресемме;
1147;пустышка соски;
1148;соки ric;
1149;наггетсы сызра;
1150;пирожные акко;
1151;сухарики гренки;
1152;рис для рлова;
1153;ржаное;
1154;супо;
1155;перец.;
1156;гкй со;
1157;бальзам для губ;
1158;улун;
1159;blonde;
1160;ванили производство;
1161;хлбэебцы;
1162;сок сады придонья 1л;
1163;хлеб заварной;
1164;солусы;
1165;атрус студни;
1166;говядиныхлаждены;
1167;йодированная соль;
1168;чйцо;
1169;кастрьюли;
1170;шогурт;
1171;мафйонез;
1172;сахарозамените;
1173;вода большой обьем;
1174;сфвекла;
1175;тгурцы;
1176;шипонвник;
1177;спички lio;
1178;салатв;
1179;свекла в упаковке;
1180;мандариновый;
1181;фасоль eco;
1182;петрушка клеве;
1183;kitty;
1184;сушенный чеснок;
1185;морепродукты в масте;
1186;пакеты для прод;
1187;пийца;
1188;станое;
1189;бронди;
1190;корм суп;
1191;теалетная;
1192;grondard конфе;
1193;пятновыводители, отбеливате;
1194;утеное;
1195;дошиокк;
1196;массло;
1197;слажные;
1198;трапеза тимья;
1199;клюк;
1200;кола без с;
1201;seasons журналы;
1202;ванили;
1203;гранулах ba;
1204;льняная;
1205;перепел;
1206;сливки питьевы;
1207;водка iceberg;
1208;паниро;
1209;лемешка;
1210;авакадо;
1211;пресованные;
1212;торты хелл;
1213;bang;
1214;hatber степл;
1215;пироженные;
1216;мснка;
1217;желейные конфеты;
1218;мешки для мцмора;
1219;шпикачки в;
1220;блинчика;
1221;клевер петруш;
1222;сердечко;
1223;крупы гречнев;
1224;соус для барбекю;
1225;копчёная рыба;
1226;виногд;
1227;zootman;
1228;для моркови по корейски;
1229;спедство;
1230;геркулесва;
1231;пинецет;
1232;семачкм;
1233;доск;
1234;картофелб;
1235;ручкa;
1236;сальчин;
1237;пемолк;
1238;кундут;
1239;ватеые;
1240;пицца охлажденная;
1241;обложек actio;
1242;пуди;
1243;косметички;
1244;мороженон;
1245;паэльы;
1246;помилр;
1247;грибн;
1248;гречкк;
1249;тушеная;
1250;помидп;
1251;карнишон;
1252;чай черный листовой;
1253;каша bistr;
1254;фильтры, кувшины;
1255;astor;
1256;жвкчка;
1257;никольск голубц;
1258;coconu;
1259;пюре быстрого;
1260;погремушек симб;
1261;cool;
1262;соус для гамбургер;
1263;крекер рыбки;
1264;паэлля;
1265;туален;
1266;велотренажеры;
1267;вибромассаже;
1268;шоколадю;
1269;sortex одеяла;
1270;энргетики;
1271;эклеры arkhangel'skkhleb;
1272;соленые помидоры;
1273;yax суф;
1274;фрути;
1275;ссыр;
1276;черноголовка караме;
1277;корм для стеризованных;
1278;хуртка;
1279;ванили производств;
1280;гречка по купече;
1281;тетрадб;
1282;мвндарин;
1283;мороожено;
1284;гооени;
1285;мвйоонез;
1286;стэйк;
1287;матна;
1288;канцелярские набор;
1289;колобки;
1290;нут ярмар;
1291;паста арахисовая;
1292;тортидья;
1293;салетки;
1294;овощное пюре;
1295;латте;
1296;майонезеый;
1297;luxus спр;
1298;виталэнд оливк;
1299;приправа красная цена;
1300;бюстгальтера burles;
1301;usda;
1302;груши papadimitri;
1303;протеиновый батончик;
1304;свекоа;
1305;рулеты черемушки;
1306;бумажная скатер;
1307;манго;
1308;допатка;
1309;пряниики;
1310;хлебцы без глютена;
1311;ражки;
1312;сосисок;
1313;брокколт;
1314;турновер;
1315;для мытья посу;
1316;черный чай;
1317;криветка;
1318;eclipc;
1319;минт;
1320;картофель замороженный;
1321;тмин kami;
1322;вода святой источник;
1323;персиков;
1324;доьродея;
1325;пельсен;
1326;колбоска;
1327;колбвски;
1328;щетки salt;
1329;сладки;
1330;длительного хранен;
1331;чаха;
1332;тушеная говядина;
1333;мюсли ro;
1334;крюшон;
1335;гренка fishka;
1336;конфеты вкус и польза;
1337;творжный сыр;
1338;сесевица;
1339;страчателла;
1340;падочки;
1341;хлеб рижский;
1342;сгоны umbra;
1343;росинка с вишней;
1344;припава для картофеля;
1345;гречневая лапша;
1346;индейка ветчина;
1347;чудо йогурт;
1348;крабовые пало;
1349;томатная паста астраханская;
1350;ояженка;
1351;булрчка доя гамбургера;
1352;наволочки jardin;
1353;корм сухой;
1354;рыба красная;
1355;шоколадные вафли;
1356;альбом с игрой ам;
1357;дрова;
1358;корм сухой для кострированых;
1359;кунгурское;
1360;чипсы соломка;
1361;ращрыхлитель;
1362;творожки.;
1363;капуста цветна;
1364;baril;
1365;сундучок;
1366;кичель;
1367;super;
1368;жобрый;
1369;запеканкан;
1370;копчёные ребра;
1371;агрокомплекс горчицы;
1372;нектр;
1373;бедра куринные;
1374;рогалики хлебпр;
1375;крмассан;
1376;тунець;
1377;цисташки;
1378;горчичныйу;
1379;вяленый оке;
1380;kote;
1381;vellie;
1382;lavazz;
1383;тыква fres;
1384;аврено-копченые;
1385;карамель dendy candy;
1386;альпинг;
1387;платочки;
1388;t-rex;
1389;колбаса стародворская;
1390;гелиос-м варено-копчены;
1391;очиститель salton;
1392;саленой;
1393;коровка из кореновк;
1394;зерненыц;
1395;панамы insoli;
1396;шоколадно-;
1397;пирожкные;
1398;сливного;
1399;цыпленок в соку;
1400;violla;
1401;хлеб батон;
1402;черешню;
1403;специи для крылышек;
1404;мак кофе;
1405;газоровка;
1406;кетчут;
1407;рисовый уксус;
1408;безглютенова;
1409;свкус;
1410;прочие фруктов;
1411;донаьы;
1412;булрчка;
1413;влажная туалетная;
1414;велосипед;
1415;жидкость для мытья пос;
1416;пакеты для буте;
1417;сок тонус;
1418;горбуш;
1419;котлелы;
1420;протеиновое;
1421;золотой рог;
1422;зкленый;
1423;протвень;
1424;копченая куриная грудка;
1425;пелееки;
1426;пат срная;
1427;туалетеая бумага;
1428;напиток чайный вкус;
1429;ополаскиватель aquariu;
1430;киьекет;
1431;mol;
1432;карандащей;
1433;ойоурт;
1434;five;
1435;доместо;
1436;блинчиик;
1437;хлеб ремесленный;
1438;курса;
1439;голубцы ски;
1440;брокколи;
1441;короб;
1442;фужеры, бока;
1443;деодарант;
1444;броколи;
1445;сахарная;
1446;туалетныя;
1447;сухарик;
1448;перец острый молотый;
1449;полик для одежды;
1450;сагуны холодец;
1451;ванильны;
1452;грап;
1453;греча;
1454;гель проч;
1455;варено-кочпено;
1456;твородкный;
1457;сода пищевая;
1458;иогурты с ша;
1459;вяленна;
1460;дезадорант;
1461;мистраль р;
1462;энергический;
1463;грудинка;
1464;чемночный;
1465;книг;
1466;вода нарзан;
1467;творожок с малиной;
1468;куриные грудки;
1469;снмячки;
1470;беэатон;
1471;липецкая вода гизированная;
1472;коь;
1473;обложк;
1474;творобкшки;
1475;хлеб батон черемушки;
1476;дрощжи;
1477;масло растительно;
1478;сндвич;
1479;жидкость для сосуды;
1480;носк;
1481;почи;
1482;коврижка;
1483;манга;
1484;поводок tri;
1485;пакеты ля мусора;
1486;дэмка паштето;
1487;сардельки унипро;
1488;tolli;
1489;сдобные палочки;
1490;коржйк;
1491;моср;
1492;льеные;
1493;специи для гречки;
1494;силикогелевый;
1495;гранот;
1496;рис увелка для плова;
1497;спагеттнни;
1498;аиан;
1499;русалочка губ;
1500;овощное пюр;
1501;куркум;
1502;мороженое лёд;
1503;мультфрукт;
1504;гречневая крупа;
1505;соленые corrado;
1506;щампунь;
1507;кексый;
1508;огурцы маринованнын;
1509;минерака;
1510;pulseu;
1511;сбитень;
1512;скумбрияя;
1513;тертый пармезан;
1514;морожениое;
1515;тыорожкиж;
1516;тортил;
1517;misson;
1518;яйца со;
1519;basilur ч;
1520;конструктора barbie;
1521;ьарталетки;
1522;гарниры охлажденн;
1523;рожок архимед;
1524;зеле;
1525;плащи, дождевик;
1526;облепиза;
1527;творог село зелён;
1528;орбит;
1529;цезарь ролл;
1530;приправа для холодца;
1531;ребра копчен;
1532;сырое;
1533;биточки важная цыпа;
1534;напиток миндальный;
1535;яблоок;
1536;салфетки для экрана;
1537;nemo;
1538;наполко;
1539;костчка;
1540;мяфли;
1541;цезарь пельмени;
1542;пензенский творо;
1543;салыетеи;
1544;сендвтч;
1545;нолубцы;
1546;питоушка;
1547;апппельсины;
1548;бритва ex;
1549;чак-чак;
1550;бажная салфека;
1551;гриби;
1552;кллбаски;
1553;потчики;
1554;холопеньо;
1555;ирис росс;
1556;papstar подсвечники;
1557;таб. winsto;
1558;прочие консервы;
1559;трусишки;
1560;кружки apol;
1561;кофе ы капсулах;
1562;маринованые огурцы;
1563;хатбер степлеры;
1564;таз mallon;
1565;медовуха royal;
1566;сухартки;
1567;хлебцыы;
1568;кейкпопс;
1569;хлеб городской;
1570;heintz;
1571;sneq;
1572;пирожнве;
1573;фрутоняея;
1574;жидкий корм котам;
1575;кпртофель;
1576;бибо нож;
1577;миндалт;
1578;нескаф;
1579;творожкихэ;
1580;булки для хот-догов;
1581;тан свитлогорье;
1582;одеяла togas;
1583;кулнария;
1584;грили редмо;
1585;горлщек;
1586;корзиночки кристал;
1587;рыбоовощны;
1588;сосиски с сыро;
1589;балыковая;
1590;саженец mosselm;
1591;блинчики замороженные;
1592;калькуляторы action!;
1593;кексы, кули;
1594;чеснох;
1595;сос;
1596;творожннн;
1597;балат;
1598;сврок;
1599;rlaa;
1600;сгущенные молочн;
1601;torin;
1602;сгущенка.;
1603;наггентсы;
1604;виногрд;
1605;дона;
1606;пластелин;
1607;гренки с чес;
1608;фруггурт;
1609;баулажаны;
1610;коровка;
1611;просткваш;
1612;териыки;
1613;ади-тлеоны;
1614;оливкового;
1615;гаамки;
1616;твортжок;
1617;горшочек;
1618;ароматизаторы;
1619;укрицей;
1620;сырокопченая колбаск;
1621;круглый гор;
1622;свини;
1623;белочка найди;
1624;сыр по русски;
1625;лукумом метрополи;
1626;погремуш;
1627;потлотенце;
1628;минеральнаяу;
1629;сн;
1630;горчица kamis;
1631;мука пшеничная;
1632;рёбрыш;
1633;овощин;
1634;larsen шпроты;
1635;салфетки губчатые;
1636;сок hi;
1637;компотная смесь;
1638;корнишоныу;
1639;мханические;
1640;маслос;
1641;аия;
1642;гольфы minimi;
1643;ошейник;
1644;ветчина с па;
1645;пшенохз;
1646;наггетсч;
1647;сырокю;
1648;морковный сок;
1649;заварные;
1650;ванильный с.пудов;
1651;кекеры;
1652;ботинки luckylan;
1653;полетенце;
1654;монастырский;
1655;таб. ken;
1656;tropic;
1657;сок яблрчный;
1658;чесснок;
1659;твлрожочки;
1660;сухари владхле;
1661;элитны;
1662;слоййка;
1663;тота;
1664;горбушау;
1665;sosiete;
1666;соус для хо;
1667;грудкая;
1668;йегурты;
1669;соус кавказский;
1670;маффен;
1671;крупское;
1672;mасло;
1673;житкость;
1674;полукопченый колбасы;
1675;ягоды замороженные;
1676;холодец если;
1677;птелинка;
1678;глинтвейна;
1679;бакалажан;
1680;растмшка;
1681;программное обеспечени;
1682;гавайская смесь;
1683;сливкит;
1684;туает;
1685;fishka бубли;
1686;umka карандаш;
1687;коктел;
1688;туалктна;
1689;рнурскй;
1690;крабовые палочки vici;
1691;сидр афанас;
1692;йодированная;
1693;сгущенкк;
1694;суф;
1695;ultra;
1696;ветчина с перцем;
1697;стопры, защелк;
1698;компот corrad;
1699;хлеб нарезанный;
1700;мясо по фран;
1701;скумбрия белгородры;
1702;тарал;
1703;молочные напитки;
1704;сыр для пицы;
1705;nutilo;
1706;хлеб с зерном;
1707;гель для душа camay;
1708;richi;
1709;зеленог;
1710;апла;
1711;fishka гренка;
1712;universal или;
1713;пицца замороженна;
1714;вермешел;
1715;лапша красная цена;
1716;гренка штурвал;
1717;гель;
1718;chokob;
1719;гель от засоров;
1720;ша;
1721;ветчинм;
1722;промидоры;
1723;водосли;
1724;квашеная капуста с хреном;
1725;мдивки;
1726;творог 500 г;
1727;колбсаса;
1728;паштет для кошки;
1729;чипы;
1730;кофейн;
1731;пасоль;
1732;таврия;
1733;слоёное тесто дро;
1734;масло эко милка;
1735;чашек typho;
1736;сады придонья для детского;
1737;хна fit;
1738;тортх;
1739;ролтон си огонь;
1740;детская вода;
1741;козенак;
1742;свечка;
1743;патиссон бояри;
1744;доя мытья посуды;
1745;индейки;
1746;творог⁹;
1747;чеченье;
1748;bemoloko;
1749;fr;
1750;шаурма с говядиной;
1751;бжиутерия;
1752;конфетюр;
1753;авангард хлеб;
1754;для мытья пос;
1755;греческая с мясом;
1756;nestogeen;
1757;чашка nouvelle;
1758;печенье с йог;
1759;омлет;
1760;горчишный;
1761;грибной паштет;
1762;нагетсу;
1763;коиветки;
1764;манго су;
1765;напиток манго;
1766;пирожное с кремом;
1767;микрофибр;
1768;zeca;
1769;жидкость;
1770;хозинаки;
1771;таблеьки;
1772;чернослив seeberge;
1773;халапенья;
1774;джин №1;
1775;картошн;
1776;фен moulin;
1777;капсул;
1778;торт прага;
1779;панировка;
1780;бумага туплетная;
1781;ацидобифелин;
1782;шампигьны;
1783;фарш из индейки;
1784;каша агуша;
1785;растителтнте;
1786;сушеный кальмар;
1787;лопатаа;
1788;газированный напитки;
1789;бегргамот;
1790;рамтишки;
1791;котлеты шарики;
1792;корм пурина для собак;
1793;сулугунт;
1794;fladh;
1795;листя;
1796;зеленный лук;
1797;фунчоа;
1798;паприка сладкая;
1799;гриы, гумоы;
1800;икорное;
1801;салатников ev;
1802;feiry;
1803;фасоль с томате;
1804;шпикачки останкински;
1805;компоты isk;
1806;exxe бритва;
1807;лак для вол;
1808;сыр плавлены;
1809;чай грин;
1810;ийогурт с жевачкой;
1811;батоан;
1812;молочник;
1813;птифур;
1814;имбирь например;
1815;макароны макфа паутинка;
1816;реченье;
1817;фарш куриный;
1818;сырок ростагкомплекс чизкейк;
1819;пиражки;
1820;молоко село зелёное;
1821;редису;
1822;уорм для кошек;
1823;шоколо;
1824;эго;
1825;творжная;
1826;vinetto;
1827;халумес;
1828;скитлз;
1829;сливы подскажи;
1830;крабоб;
1831;рыбка;
1832;ваниль парфэ;
1833;сыорк;
1834;коллекция найди;
1835;mixbar винные;
1836;капучиет;
1837;адриэль;
1838;слойка с сыром;
1839;рогалик инской;
1840;губки доя мытья;
1841;биотворог;
1842;прочие лакомства;
1843;творжный;
1844;коровка из коровенки;
1845;эскимо анниская забава;
1846;плавленный;
1847;варенеки;
1848;смеиатана;
1849;натуральная тенд;
1850;кормм;
1851;пива гели;
1852;грифрут;
1853;сврока;
1854;сырок плавленый;
1855;обложки pro;
1856;limonati;
1857;кофевархи;
1858;щеба;
1859;lemongrass;
1860;сгон;
1861;патиссоны бояринъ;
1862;artfruit фейх;
1863;коса;
1864;винные amore;
1865;офощи;
1866;фасоль с во;
1867;балан;
1868;бумажные скатер;
1869;форель amor;
1870;ядра;
1871;сырные;
1872;рисовые с сыром;
1873;привет вод;
1874;масловы сливочн;
1875;кумы;
1876;листчки;
1877;альбомы;
1878;колбаса цена колбаса;
1879;зеленый лу;
1880;ветчина из грудки индейки;
1881;йяйц;
1882;мячо;
1883;дрозжи;
1884;ботинки gez;
1885;мираторг купаты;
1886;дршипак;
1887;сдливки;
1888;коныетц;
1889;ракушка;
1890;колбаса куриная;
1891;часы;
1892;сыркиг;
1893;простоквашно;
1894;яхлеб;
1895;уартошка;
1896;майонез махеев правонсаль;
1897;вареники с сыром;
1898;нф степлеры;
1899;хмель;
1900;льноное;
1901;подсолнечное;
1902;масльо;
1903;ласка для белого;
1904;ремни, подтяжки;
1905;птичье;
1906;котекс;
1907;майска;
1908;для детской посуды;
1909;шеколад;
1910;огурцфы;
1911;чай пакетики;
1912;каша marc&фиса;
1913;коыеты;
1914;агуша питьевой йогурт;
1915;наш коров;
1916;ростительное;
1917;сыр хохлонд пластикам;
1918;ципленка;
1919;стекл;
1920;тушенно;
1921;мерополс;
1922;чаи;
1923;lazazza;
1924;средства гигие;
1925;печенье сдобное;
1926;фунчёза;
1927;капусту;
1928;скатерть одноразовая;
1929;чай беллини;
1930;клинское;
1931;devore например;
1932;сыворото;
1933;пылесосов скарле;
1934;сыровялена;
1935;муч смеь;
1936;птимптим;
1937;овмянве;
1938;инжр;
1939;макарог;
1940;деликате;
1941;охлажденная;
1942;цыпленое;
1943;слабосоленн;
1944;корм сухой для колек;
1945;креветки чищенные;
1946;тетр;
1947;nestogen1;
1948;лампоч;
1949;кракеры;
1950;морковь;
1951;crystalex стаканы;
1952;сардельки дороничи;
1953;нарезная;
1954;муьлтиварка;
1955;маслино;
1956;пончикиц;
1957;лимонады;
1958;сырояленая;
1959;ратимир колба;
1960;cremka;
1961;мопоженное;
1962;табак winst;
1963;соус для шармы;
1964;саженцы арт-дизай;
1965;сгущёгка;
1966;яяйцо;
1967;щавель;
1968;клубниеа;
1969;кэннон труc;
1970;разрыхьитель;
1971;толстовк;
1972;брускетта;
1973;для чистки труб;
1974;огурцс;
1975;пломбирный;
1976;педенки;
1977;макорны;
1978;белый ри;
1979;варенье greenol;
1980;бакладжан;
1981;сахарна пудра;
1982;нут агро-альян;
1983;п5ченье;
1984;cairy;
1985;творог белые росы;
1986;ряба;
1987;tarnado;
1988;му-;
1989;холодные ч;
1990;смесь доч оладьи;
1991;сухарь пр!ст;
1992;икра кабачко;
1993;санто тефно;
1994;жилкое;
1995;сметанна;
1996;кефир semp;
1997;сыровяленная пит-продукт;
1998;вни;
1999;джем вишневый;
2000;ребра копченые;
2001;fancy;
2002;чоко;
2003;взбиты;
2004;творог зернистый;
2005;губка для о;
2006;окраина колбаски;
2007;приправа для картош;
2008;scandy;
2009;рулет куринный;
2010;чай со смородиной;
2011;консерва в томатном;
2012;томаьы;
2013;сыровяленые рм;
2014;красное перекресток;
2015;bohemia стакан;
2016;noskoff пожалуйста;
2017;солоок;
2018;рассад;
2019;сосис. экол;
2020;пластиковые тарелки;
2021;ернчай;
2022;помтдоры;
2023;курица копчёная;
2024;улитка с карицей;
2025;кефир био;
2026;doubl;
2027;макарона;
2028;немолокоы;
2029;солян;
2030;колбаса балыковая;
2031;пищевой пленк;
2032;белоручка реди;
2033;моиковь;
2034;будка;
2035;колбаса стародворье сервелат;
2036;краска для волос;
2037;газеровка;
2038;каши;
2039;белоручка морковка;
2040;лечение воло;
2041;украшение для выпечки;
2042;горошком;
2043;энергетикс;
2044;океан вялен;
2045;макарону;
2046;вафлиж;
2047;халаля;
2048;юбки;
2049;лимон био;
2050;кремоб;
2051;классический хлеб;
2052;соус махеев салатный;
2053;бананыу;
2054;твердый dove;
2055;pia;
2056;веусный;
2057;петпушка;
2058;колбасные издели;
2059;zanussi пылесосы;
2060;кресла, стул;
2061;винегред;
2062;топленное дарен;
2063;мясо по французски;
2064;кревер;
2065;ягод;
2066;basilur чай;
2067;стопки, рюм;
2068;сок мандарин;
2069;набор доя суши;
2070;тертый;
2071;мыло для интим;
2072;грану;
2073;имолоко;
2074;компоты агрокомплекс;
2075;инкерман шампанско;
2076;пивные напитк;
2077;балык;
2078;тортилтя;
2079;винный martin;
2080;лапша с морепродуктами;
2081;калач;
2082;пряни4и;
2083;прочее;
2084;салвт;
2085;наполнитель для кот;
2086;батончик бабаевский;
2087;свино;
2088;чая;
2089;картофеьное;
2090;ромштекс;
2091;сухаръ;
2092;штрцдель;
2093;озотничьии;
2094;супы замороженн;
2095;семечки джин;
2096;красная цена лимонад;
2097;рефтамид;
2098;арбузы fresc;
2099;чиабата тобу;
2100;самокаты, скейты;
2101;мясо крабовое;
2102;соски в тесте;
2103;hebarus;
2104;яшкно;
2105;сосиска в те;
2106;ксртошка;
2107;вялкнная;
2108;раствор;
2109;чистая линия мороженое;
2110;рост уксус;
2111;макароны цветные;
2112;платки, банданы;
2113;грейпфрккт;
2114;рогалик инско;
2115;прочее как;
2116;салатт;
2117;моркавча;
2118;ваниль айдиго;
2119;vici хек;
2120;коробка louma;
2121;вермиш;
2122;пикни;
2123;крекер sladoya;
2124;сок яблочный 2л;
2125;манд;
2126;бигбули;
2127;ириска;
2128;dr.oetker кисел;
2129;никольск сосис;
2130;лаймн;
2131;газировная;
2132;фенхель айди;
2133;бритья beautific;
2134;дноразовыестаки;
2135;детс;
2136;кухонный комба;
2137;лклэнд;
2138;фаршш;
2139;мыло;
2140;красное виноградное;
2141;сгущенле;
2142;чай milfor;
2143;тостевый;
2144;кириешки;
2145;салат малыш;
2146;заправкв для борща;
2147;агуркц;
2148;кондитерские издели;
2149;скумбория;
2150;пасха;
2151;жевательная;
2152;красное перекрест;
2153;тендер кабачок;
2154;корм сухой для стерили;
2155;glorix;
2156;муссор;
2157;grainfield;
2158;крупнолистовой;
2159;заворное;
2160;огкрец;
2161;gls;
2162;красная цена майонез;
2163;роллер borger;
2164;всреники;
2165;умки;
2166;бульоны;
2167;типсы;
2168;hein;
2169;сок ябло;
2170;миндальная;
2171;зелень для супа;
2172;сэндвинч;
2173;творожная масса;
2174;beltzer;
2175;коньячн;
2176;корнишены;
2177;свитлогооье;
2178;набор кон;
2179;йогуртю;
2180;ансоус;
2181;korber;
2182;мяблоко;
2183;ирис;
2184;салфетки для животных;
2185;горк;
2186;витамины для собак;
2187;огеицы;
2188;свиных;
2189;с.пудовъ кака;
2190;бургерный;
2191;лапша быстрого питания;
2192;ополаскиватель synergeti;
2193;сыр тверд;
2194;рикоттв;
2195;хачапупи;
2196;моршмелло;
2197;торти гурм;
2198;агрокомплекс;
2199;чпагетти;
2200;куриный бульон;
2201;семечек;
2202;smart;
2203;булочка для состски;
2204;бавария;
2205;приправа для пл;
2206;крас;
2207;корнищоны;
2208;сгущенкой;
2209;коктейль молочный растишка;
2210;первый вкус сырок;
2211;продукты сметанны;
2212;срочно варено-копченый;
2213;sveza;
2214;фруктоза вкус&польза;
2215;хлеб наш грушевой;
2216;elit;
2217;прярики;
2218;фисташки;
2219;приправа из карто;
2220;соль марк;
2221;пюре чернослив;
2222;крем-мыло cam;
2223;миски hunter;
2224;масло икорное;
2225;огруец;
2226;крупсаны;
2227;petra пахлава;
2228;шоколадное чудо;
2229;салатников behom;
2230;котлеты замороженн;
2231;корм влаж;
2232;сладояр;
2233;моркоов;
2234;чашки shenzhen;
2235;диана журн;
2236;пиццш;
2237;мануа;
2238;рулет сдобная особа;
2239;лапшан;
2240;бантики;
2241;велле мус;
2242;кальмары;
2243;посмидор;
2244;сыр тофу;
2245;plet;
2246;палояк;
2247;корм сухой доя собак;
2248;пылесосов bosch;
2249;помидоры маринованные;
2250;кетчуп.;
2251;тосторный;
2252;ккпаты;
2253;подуше;
2254;имбирь kotanyi;
2255;лампы проч;
2256;мелкоштучные изделия;
2257;ячгева;
2258;пилмени;
2259;сиграа;
2260;тушк;
2261;маслора;
2262;олевье;
2263;нареззной;
2264;основа доя супа;
2265;булочка с кунжутом;
2266;фрутоняя;
2267;merries труси;
2268;сухареки;
2269;квкуруза;
2270;квасщ;
2271;одноразовые пелен;
2272;molky;
2273;пшенные;
2274;клрм для кошек;
2275;котелеты;
2276;сыр твороженый;
2277;chil;
2278;энергит;
2279;зефирки;
2280;хек белгородры;
2281;рфитюрницы;
2282;nutrilo;
2283;подлива для гуляша;
2284;батон авангард;
2285;казлык;
2286;сыробогатоа;
2287;жардин;
2288;слив4р;
2289;молокко;
2290;кутабы;
2291;пшенн;
2292;merci;
2293;actimall;
2294;велосипедный;
2295;fabri;
2296;пеналы юнланди;
2297;сливочнвц;
2298;экомил;
2299;актибио;
2300;цетчуп;
2301;мороженое на фруктозе;
2302;оробок;
2303;кабачнк;
2304;dodo;
2305;русалочка губк;
2306;сахзам;
2307;аишня;
2308;аперити;
2309;осетровые;
2310;крпбовы;
2311;лукэ;
2312;семк;
2313;пгмидоры;
2314;сментано;
2315;чсенок;
2316;маел;
2317;barillam;
2318;папа может чесно;
2319;петьмени;
2320;пористый шоколад;
2321;шампеньоны;
2322;сельд слабосолена;
2323;помидрпы;
2324;булочки для бургеров;
2325;вермишек;
2326;блокх;
2327;сдоба булочка с лимоном;
2328;бгетт;
2329;без пельмени;
2330;сыров тверды;
2331;плетёнка;
2332;удлинители камелио;
2333;святля;
2334;газеты;
2335;ароматизат;
2336;мультиварки;
2337;омпл;
2338;бульонный кубик;
2339;двойная;
2340;stella;
2341;зефира;
2342;сахарозаменител;
2343;хот дог;
2344;йгорты;
2345;норошек;
2346;бумажное полотенц;
2347;капучт;
2348;drimies;
2349;горччиц;
2350;чипсыы;
2351;мороженое фруктовый лёд;
2352;шармэль;
2353;cr2032;
2354;книжка;
2355;виишня;
2356;гольфы orodor;
2357;fito хна;
2358;рафаэлл;
2359;сосиски баварские;
2360;тыкве;
2361;открытка;
2362;melon;
2363;прочие каш;
2364;форель мари;
2365;отбелива;
2366;галлеты;
2367;бифилайф;
2368;фона;
2369;картовфел;
2370;стейк говядина;
2371;redbull;
2372;соус цеза;
2373;твородны;
2374;гащированая;
2375;шербет;
2376;корнешон;
2377;грибы0;
2378;мартошка;
2379;скумбря;
2380;vici мороженна;
2381;haas;
2382;о ильиой;
2383;амлет;
2384;соус для фун;
2385;саше;
2386;сыр вкуснотеево тильзитер;
2387;крирешки;
2388;запечентые;
2389;пудинг нежны;
2390;картофеля vi;
2391;творожная ма с изюмом;
2392;кмпьютеры;
2393;армань;
2394;воздушные;
2395;творрожок;
2396;каша hi;
2397;пирог с мясом;
2398;актиму;
2399;грибы консервированные;
2400;пчелки;
2401;ваниьл;
2402;яйса;
2403;молоко без л;
2404;лимонаде;
2405;мёрс;
2406;кровяные мирато;
2407;сметана нежинская;
2408;nivea лось;
2409;фарш куринный;
2410;милоко;
2411;гранолы;
2412;пирожное leber;
2413;рыбный фарш;
2414;mms;
2415;iton;
2416;хлеб для сандвичный;
2417;сочнтк;
2418;крабовфе;
2419;гречкка;
2420;стиральные порошким;
2421;сыр плавленный виола;
2422;пал;
2423;коктеиль;
2424;верхняя одеж;
2425;варено-копченые корови;
2426;плнировщии;
2427;молочный коктейль;
2428;салат айзберг;
2429;сочент;
2430;яйцс;
2431;масля;
2432;пастилп;
2433;адыгейсеий;
2434;мливки;
2435;сливки сухи;
2436;сыровяленый;
2437;мореп;
2438;pompea трус;
2439;зажигалки polari;
2440;шоколодку;
2441;колгот. помп;
2442;череизов;
2443;фесоль;
2444;мыло детское;
2445;сдобку;
2446;завтраки вастэко;
2447;арманья;
2448;сушёный чеснок;
2449;петелька;
2450;туалетгая;
2451;santor;
2452;папочка;
2453;бульон говяжий;
2454;приправыч желат;
2455;сладкие;
2456;идель;
2457;сок 2 литра яблочный;
2458;мысло;
2459;детское печенье в упаковке;
2460;студни абсолют(мяс;
2461;рис0;
2462;авнотовары;
2463;блнчик;
2464;вереники;
2465;тесто для пельме;
2466;менираль;
2467;неомолоко;
2468;тнк;
2469;ком для котят;
2470;ветчина из иедейки;
2471;куриная груд;
2472;овощи замороженные;
2473;фило ролл;
2474;салфет3и;
2475;красная цена батон;
2476;пмажно;
2477;икра рыбная;
2478;смороди;
2479;луч ручек;
2480;кусковой марк;
2481;слива;
2482;колбаса0;
2483;сыр плавленый с грибам;
2484;nordic галет;
2485;artfruit крыжовни;
2486;чебуреки;
2487;макарошны;
2488;хорс виски;
2489;спрея;
2490;жевачку;
2491;погремушки fisher-pri;
2492;лопатка без кости;
2493;я1ца;
2494;концентрат;
2495;фрикажельки;
2496;стружка кокосовая;
2497;тирольский пирог;
2498;торнало;
2499;ливерная дивеево;
2500;горошекз;
2501;дроджди;
2502;кыфир;
2503;булочки для гамьургера;
2504;корейские соленья;
2505;огревка;
2506;makfa суфле;
2507;тюфель;
2508;мандаррн;
2509;аква;
2510;лагманная;
2511;пастеризованная останкинск;
2512;батерейка;
2513;перловкв;
2514;кофеварки polari;
2515;пштетные;
2516;мороэенное;
2517;лютры светилнии;
2518;простоквашаша;
2519;грейпфрукь;
2520;пироженеые;
2521;нектары красавч;
2522;краски, лак;
2523;колготк;
2524;вв лук;
2525;яртишок;
2526;колбоса со шпиком;
2527;чивапчичи из го;
2528;красный пер;
2529;суппр;
2530;овощьная;
2531;бумажная салфетка;
2532;яисо;
2533;безлпкиозное;
2534;matti;
2535;сухарипа;
2536;рыба под маринадом;
2537;бумага smoby;
2538;калория варен;
2539;набор для с;
2540;бананф;
2541;деткие;
2542;шафран kotanyi;
2543;хлеб дарни;
2544;synergetic;
2545;дширак;
2546;иогкрт;
2547;горошкек;
2548;стерх;
2549;паста шоколадная;
2550;вода 5 литро;
2551;inmor;
2552;мусорные пакеты;
2553;donna подсвечнико;
2554;наптлнитель;
2555;диана подушки;
2556;глазированный;
2557;огрурцы;
2558;варе;
2559;энергитк;
2560;яблоко персик;
2561;сидр очаков;
2562;тараллини;
2563;энергить;
2564;гель дя по;
2565;большемясов сырокопчен;
2566;miv;
2567;хлебница louman;
2568;econika;
2569;освежиьель;
2570;варенье клубничное;
2571;кашá;
2572;пирожкнные;
2573;сливик;
2574;майонег;
2575;вкус польза колбаса;
2576;бульмпни;
2577;питьевой йогурт;
2578;кофемолки электрические;
2579;наборы конф;
2580;fresco ред;
2581;мороженное эскимо;
2582;порошка;
2583;bignon;
2584;ба6аны;
2585;richar;
2586;вялены;
2587;пнченье;
2588;йца;
2589;подцолнечное;
2590;печенье.;
2591;лапша красная;
2592;туалепы;
2593;кардамон с.пудов;
2594;пыглесос;
2595;хлеб на сэнд;
2596;грузд;
2597;блинв;
2598;еннргетик;
2599;палатенца;
2600;пирожное kinder maxi;
2601;копчён;
2602;сыровяленная царицыно;
2603;супе;
2604;пченка;
2605;столичнвй;
2606;производство кар;
2607;антижир для стеклокерамики;
2608;массы творожной;
2609;свхарная;
2610;мвтнина;
2611;clear;
2612;arco;
2613;экол;
2614;скороварки;
2615;перчаьки;
2616;сгущенный молочн;
2617;тостеры moulinex;
2618;маслицы;
2619;для мытья пола;
2620;кукуруза ромашкино;
2621;эяйцо;
2622;солл;
2623;фены филип;
2624;сырная нарезка;
2625;декоративная косметик;
2626;клейчатка;
2627;клеры;
2628;апельсин мандарин;
2629;вареная;
2630;майка atlant;
2631;краьовы;
2632;pudding;
2633;сыптаки;
2634;жидкое мыло пенка;
2635;бумажнве платочки дл носа;
2636;карамел;
2637;рыба в панировке;
2638;полукопченная колбас;
2639;чупа чупс;
2640;rost тома;
2641;хлоапья;
2642;редимка;
2643;шишкин лес;
2644;эклеров мишель;
2645;баклажаг;
2646;pyrex пожалуйста;
2647;рыба солёная;
2648;булочки аванга;
2649;оливок;
2650;посидор6;
2651;макароны макфа 16;
2652;кроке;
2653;exponetto;
2654;evervess;
2655;сушеная рыба для;
2656;корзиночка сернур;
2657;салянкк;
2658;вода с гвзом;
2659;кондит;
2660;пятнёвыводители;
2661;грудка куриная без кости;
2662;суп в пач;
2663;фасоль в собств;
2664;picador;
2665;cola без сахара;
2666;fialco тарелка;
2667;хлоптя;
2668;сельдб;
2669;гу;
2670;плоскошлифовальная машин;
2671;зйнки;
2672;масло растительное для жарки;
2673;хлеб и батон;
2674;мурмелад;
2675;совок;
2676;фол;
2677;иворожные;
2678;трусы cascatto;
2679;карборад;
2680;мясо бедра;
2681;джем махеев;
2682;бумажн-целюлозня продукция;
2683;сахарная вата;
2684;смесь красная цена;
2685;raf;
2686;корица kam;
2687;копченная паприка;
2688;овощной пюр;
2689;моц;
2690;бул;
2691;панчт;
2692;микса;
2693;огурдрц;
2694;ппотеиновые;
2695;ракушк;
2696;туалетну;
2697;грейпфрутов;
2698;огурцы маринованн;
2699;кутаб;
2700;деодорант;
2701;пирожнн;
2702;сосиоски;
2703;laid;
2704;хлоньев;
2705;сухогруз;
2706;лапша5ц;
2707;вафли коломенские;
2708;апельсиновый;
2709;чесннк;
2710;яичные;
2711;чиабата;
2712;английский хлеб;
2713;сухой для котят;
2714;сметан;
2715;мандаррин;
2716;блузка lemo;
2717;кокосоаое;
2718;дарэлл ошейн;
2719;специиу;
2720;cannon толстов;
2721;пуре;
2722;чеснок с перцем приправа;
2723;крылошек;
2724;нутриоак;
2725;главхлеб чиабат;
2726;соломк;
2727;сехарики;
2728;ватеушка;
2729;трубочку;
2730;салат фриллис;
2731;столовый;
2732;свеча на торт;
2733;степлеру;
2734;crystalex стакан;
2735;кольца;
2736;драже м;
2737;пирожок с начинкой;
2738;косметички liberha;
2739;свр для бург;
2740;кисел;
2741;погремушки global;
2742;la paulina;
2743;скатрть алфето;
2744;дезодорает;
2745;сырные чипсы;
2746;для котлет;
2747;хлеб аютинский;
2748;хостерсы;
2749;чай нури;
2750;сыр брест сливочный;
2751;сельдь филе;
2752;йогурт.;
2753;parmal;
2754;смородина fres;
2755;энергетмки;
2756;кухонной вытяжк;
2757;энергетич;
2758;саш;
2759;ричал;
2760;пельмешки продсервис;
2761;шалот;
2762;ацидофильный вологжанк;
2763;ореховый;
2764;жвачика;
2765;средство для тр;
2766;nemoloco;
2767;колготы;
2768;твворог;
2769;индана имбир;
2770;паштеты leosco;
2771;кефирй;
2772;тартальетки;
2773;junfa конструкто;
2774;набор пивной из фо;
2775;облжек;
2776;блинчр;
2777;перец черный молотый;
2778;калачи петрохлеб;
2779;яфцо;
2780;мамрелад;
2781;кабачое;
2782;vanatto;
2783;бгазировка;
2784;сморс;
2785;заправка для борщ;
2786;коробок;
2787;черный пер;
2788;малоежки;
2789;аыр;
2790;ванилин dr.oetk;
2791;паштет из индейки;
2792;одежная фурниту;
2793;круаоа;
2794;молко;
2795;моркоо;
2796;мультивар;
2797;копфет;
2798;ватоушка;
2799;салчнка;
2800;hortex череш;
2801;кофт;
2802;редис.;
2803;рис для каши;
2804;колбаса варшавская;
2805;кефии;
2806;сметаный нежего;
2807;мясо свинина;
2808;ручки inde;
2809;шерба;
2810;скумбрия горячего копчения;
2811;солат;
2812;чечевмца;
2813;порм;
2814;греьешок;
2815;maggig;
2816;аетчина;
2817;гель picnic bab;
2818;карбооад;
2819;сырок творожн.;
2820;фуэ;
2821;палочки для зубов;
2822;тирамис;
2823;buren club;
2824;скумбрия vic;
2825;винооград;
2826;альбомов быстро;
2827;фламен;
2828;булка с малиной;
2829;сок 0,2 литра;
2830;экв;
2831;перловая;
2832;перепели;
2833;зубочистка чистюл;
2834;ретисаяпф;
2835;твороженный сыр;
2836;hortex вишн;
2837;булочка с чесноком;
2838;морковв;
2839;ломтишка;
2840;каша беллин;
2841;приправа в кубиках;
2842;cсахар;
2843;гороше;
2844;орыба;
2845;польмени;
2846;сардины тендер;
2847;колсо;
2848;рулет мясная ф;
2849;масло алтайское сливочное;
2850;листо;
2851;язы;
2852;грейпфру;
2853;сырники мираторг;
2854;переходни;
2855;дезоторант;
2856;тполотенце;
2857;коллекц;
2858;йогурт бежин луг;
2859;соусы;
2860;сухогр;
2861;raff;
2862;разрыхлмиель;
2863;напитик;
2864;whiskes;
2865;приправа для шашлика;
2866;лакомства;
2867;lutik кукуруз;
2868;грейфрукт;
2869;мама лама;
2870;коржики;
2871;женски нбо;
2872;сокомодержащие;
2873;сок граната;
2874;клечаька;
2875;ионизаторы воздуха;
2876;корицы парфэ;
2877;дэмка паштетов;
2878;коржи;
2879;красное mikado;
2880;с чесноком хлеб;
2881;бумажные салфетк;
2882;тимьян kotanyi;
2883;сырокопчена атяше;
2884;корм сухой felix;
2885;патчи для век;
2886;подсолнечноеш;
2887;блины сытый папа;
2888;оливки боярин;
2889;икра.;
2890;степлеры berlingo;
2891;оливки с ко;
2892;сыпки;
2893;факелман крыш;
2894;колбаска;
2895;средство для полв;
2896;сгущёнка варёная;
2897;дезрдорант;
2898;вареники чмк;
2899;квас ниагар;
2900;оладушки;
2901;bgr;
2902;авишка;
2903;запеченное;
2904;огурцы соленые;
2905;россия хлоп;
2906;удлинитель;
2907;напронитель;
2908;кабачлк;
2909;чапсы;
2910;сыекла;
2911;сойевый;
2912;штопор электрический;
2913;кока кола черноголовка;
2914;пакет ддя мусора;
2915;биокефер;
2916;чедер;
2917;kotanya;
2918;лимонв;
2919;заготовки для пицци;
2920;молоао;
2921;ксртофель;
2922;творог мяг;
2923;хлеб пеклеванный;
2924;проклада;
2925;лукт;
2926;пирожрк;
2927;маянез;
2928;латук;
2929;пылесосов скарлет;
2930;teoc;
2931;шрнчка;
2932;barrilla;
2933;крендельки с солью;
2934;скумбария;
2935;повид;
2936;инкерман шампанское;
2937;элита соу;
2938;онигрри;
2939;слоенле;
2940;мармелад дольки;
2941;клкбника;
2942;приправа для курици;
2943;булочки для. бургеров;
2944;тесто охлажденное;
2945;зефира сладояр;
2946;стручковая фасоль;
2947;сооомка;
2948;пиво без;
2949;фильтры для воды;
2950;печенье юбилейное;
2951;детская паста;
2952;морьковча;
2953;молоко коасная цена;
2954;классика;
2955;зефирный;
2956;антарктик криль;
2957;гигиенически;
2958;масло totall;
2959;сендвичи;
2960;лепешги;
2961;свинн;
2962;кольцо;
2963;аквамиерале;
2964;стакан лабиринт;
2965;бибо н;
2966;zanussi пылесос;
2967;тесто для мант;
2968;бланки рядом;
2969;шампун;
2970;unico;
2971;паста шоколад;
2972;индидайтэ;
2973;салат;
2974;моркорь;
2975;кашас;
2976;малосольнве;
2977;сам перемена;
2978;салатные;
2979;сыинина;
2980;тушенка алтайская гост;
2981;ряженко;
2982;горчицы yell;
2983;тпмпоны;
2984;крвло;
2985;трубочка лимак;
2986;сметеанв;
2987;фругурь;
2988;шроты;
2989;тан ситно;
2990;шарфы, паланти;
2991;пимодоры;
2992;туалетеная;
2993;сврцееды;
2994;кастрюль essa;
2995;икра пиканта;
2996;алс;
2997;каштрюля;
2998;сгущек;
2999;dr.bakers разрыхлител;
3000;специи для салатов;
3001;сельдь oce;
3002;кокосов;
3003;курицаэ;
3004;джелуди;
3005;баклажан sladko;
3006;bitter;
3007;сардельки с сыром;
3008;средства гигиены;
3009;пооотенца;
3010;творожныйх;
3011;рулет с лимоном;
3012;антиперспрерант;
3013;принте;
3014;уонсервы;
3015;солфетк;
3016;осетроые;
3017;панамы bambul;
3018;чародейка;
3019;см4тана;
3020;картафель;
3021;пнмидоры;
3022;тостер;
3023;осежитель;
3024;велком;
3025;каппучино;
3026;солодовый;
3027;папайя;
3028;прочие мясорастительн;
3029;цикорий вкус&польза;
3030;свр плав;
3031;печеньез;
3032;сохи;
3033;травяной;
3034;багеат;
3035;впмькино;
3036;крахмвл;
3037;фаршо;
3038;терьяк;
3039;кофе в пакетике;
3040;огурцын;
3041;яичики;
3042;мерисы подгузник;
3043;слойка с начинкой;
3044;огврцы;
3045;шпикачка;
3046;lavazza;
3047;пиво специально;
3048;пирожки с яблоком;
3049;садовый инвентар;
3050;помидои;
3051;снмечки;
3052;акваминерале;
3053;гольфы pompea;
3054;корицей производство;
3055;палочка перекрест;
3056;coisine;
3057;chi;
3058;сады придо;
3059;классичекийхлеб;
3060;картощшка;
3061;молеко;
3062;производство морко;
3063;печенье имбирное;
3064;молочной коктейль;
3065;в маринад;
3066;нуга pet;
3067;chokoline;
3068;яйцу;
3069;sanbonsay;
3070;плавленыц;
3071;мрковь;
3072;гощировка;
3073;первые блюд;
3074;кастрюли els;
3075;сдоба кристал;
3076;шишк;
3077;см5тана;
3078;салфетке;
3079;бальзамимический;
3080;холоы;
3081;туалентная;
3082;always ultra оран;
3083;паутинка;
3084;ясневая;
3085;шурупоеврты;
3086;пастеризованное ромашкино;
3087;гель прочи;
3088;кунжутно;
3089;филевскок;
3090;emborg трески;
3091;snax;
3092;смитан;
3093;егурт питьевой;
3094;шаурма с к;
3095;мореока по корейски;
3096;оель для стирки;
3097;свл;
3098;кокуруза;
3099;тмин мэтр;
3100;переправ для шашлыка;
3101;garner ructi;
3102;агрокомплекс горчиц;
3103;золотой колос;
3104;твердое мы;
3105;креветками;
3106;архимед стаканы;
3107;кетчуп махеевъ татарский;
3108;красное;
3109;туги;
3110;энерджи;
3111;кролика охлажденный;
3112;варенец останкинский;
3113;печений;
3114;ежедневного;
3115;дезорант;
3116;орлик;
3117;желудочки;
3118;гурец;
3119;виоград;
3120;лакт;
3121;m&m;
3122;ветичина;
3123;сливкил;
3124;вафельки;
3125;смест для оладий;
3126;йогкурт;
3127;jarko крышк;
3128;очаковский;
3129;сок для малышей;
3130;прмлонья;
3131;масло сливочное экомилк;
3132;venus;
3133;шоколадка aplen gold;
3134;паштёты;
3135;сальфетки;
3136;tresemme;
3137;протеиновой;
3138;сухарики багет;
3139;положи garden;
3140;оливкикмаслины;
3141;огуре;
3142;ветчига;
3143;сосис. св;
3144;пасхальный;
3145;зубачистик;
3146;пампини;
3147;хлопья с молоком;
3148;подушечки leonar;
3149;фруктовая пюр;
3150;сыра плавленный;
3151;ecotab;
3152;пюре груша;
3153;тесто на чебу;
3154;бумажный пак;
3155;сыром;
3156;йог;
3157;задивное;
3158;есентуки вы вы;
3159;шампвнь;
3160;фермерски;
3161;рулет из говядины;
3162;дамлинги;
3163;фитнес багет;
3164;редиску;
3165;холоюдец;
3166;чайник электрический;
3167;тостеры;
3168;прочие снэки;
3169;зеленогра;
3170;ночная каша;
3171;болакт;
3172;губки univers;
3173;pupia;
3174;приправа для кортофеля;
3175;соевый со;
3176;блины с кур;
3177;микс ric;
3178;lite;
3179;огурлцы;
3180;маринованный lora;
3181;flamenc;
3182;гари;
3183;кофе лебо;
3184;дошира;
3185;каша bistrov;
3186;со4;
3187;скумбрия пингвин;
3188;редис белоручка;
3189;шампуин;
3190;мясная ферма;
3191;специя для борща;
3192;мыльные;
3193;панировоч;
3194;масло рафинированное;
3195;печенье фруто;
3196;paltt;
3197;сады прид;
3198;подушек disn;
3199;замороженная вишня;
3200;бисквитное;
3201;яйх;
3202;сппагети;
3203;mentos;
3204;эклеров колиб;
3205;свинина по домашнему;
3206;мумага;
3207;шпик рамфуд;
3208;сывороточны;
3209;грудку;
3210;ovelluro;
3211;шнице;
3212;chocko;
3213;печентк;
3214;древнсный;
3215;ацидофильнйы;
3216;карамель пр!;
3217;икра осетров;
3218;молоко топлёное;
3219;творожный свр;
3220;ма;
3221;комфорт подуш;
3222;сыров мягк;
3223;арахим;
3224;шоколд;
3225;журналы умка;
3226;батончик без сахара;
3227;виски 3;
3228;трусики marabu;
3229;булочна;
3230;невские;
3231;физалис;
3232;пастилы если;
3233;сушено-вяленный;
3234;ирис с;
3235;сухой корм;
3236;куриное;
3237;селедд;
3238;аленушка;
3239;крекер вв;
3240;уксос;
3241;прочий сироп;
3242;простаквашено;
3243;докторскся;
3244;грейпфрут производст;
3245;лапша быстрого приготовления;
3246;гель ддя душа;
3247;овсяное;
3248;мукаы;
3249;тендер хе;
3250;мед пути;
3251;салат листья;
3252;жевачка арбуз;
3253;сухарь пр!с;
3254;кофе растворимый сублимированный;
3255;яипсы;
3256;kerlly;
3257;млрковка;
3258;капуста пекинская;
3259;питайя;
3260;сырки творожны;
3261;водоро;
3262;авакадл;
3263;дрожжис;
3264;barillia;
3265;сдобы черемушки;
3266;лук з;
3267;palmo;
3268;рахрыхлитель;
3269;шоколад девушка детям;
3270;колбасные;
3271;премиум;
3272;гречз;
3273;семена кунжута;
3274;книги стрекоз;
3275;яблоко сезонное;
3276;мрдиа;
3277;мороженоое;
3278;чай зеленый липтон;
3279;ууа;
3280;утреннеее;
3281;yax суфле;
3282;мйонез;
3283;рогалик курскхлеб;
3284;хлеб батон нарезка;
3285;lipton;
3286;осетинский рассольны;
3287;био баланс;
3288;bacardi ром;
3289;korner;
3290;полотенце бумажное;
3291;баранкт;
3292;хлопя;
3293;пивной нефильтрованны;
3294;шоколадное яйцо;
3295;разрыхтитель;
3296;студни;
3297;фунчозащ;
3298;salton стельк;
3299;kontex;
3300;птиц;
3301;белкзна;
3302;кфир;
3303;конфил;
3304;cykoria укроп;
3305;гулки;
3306;дезодорант от пота;
3307;спхари;
3308;кисель;
3309;сласт;
3310;мокровеа;
3311;boom тетрад;
3312;шампиньонв;
3313;салфеткир;
3314;молорко;
3315;кунжутные;
3316;капсулв;
3317;вода минеральная без газа;
3318;биолаклт;
3319;ножи кухонные;
3320;горошне;
3321;люминарк чашк;
3322;сарделики;
3323;лимоно;
3324;кокьейль;
3325;svip совок;
3326;ситно кум;
3327;мрооко;
3328;узван;
3329;йогурт вкус и польза;
3330;пастилы marve;
3331;оес;
3332;сленая;
3333;шоколадный батончик с кремом;
3334;гримы, гуммоз;
3335;кастрюли else;
3336;пармеза;
3337;тертые помидоры;
3338;бумажные полот;
3339;лаваш сырный;
3340;голень;
3341;онтенны;
3342;простыни toga;
3343;нонфеты;
3344;соль с пониж;
3345;майонер;
3346;варено-копчен;
3347;альтеро;
3348;пюре говядина;
3349;хрумстик;
3350;изюм;
3351;слифки;
3352;кефир.;
3353;средство для стëкол;
3354;столовая;
3355;пекинская капуста;
3356;моркгвь;
3357;крышки;
3358;брокколом;
3359;тефтел;
3360;охлажденка;
3361;соль для пос;
3362;кукурузой;
3363;мандартн;
3364;булгуо;
3365;заливны;
3366;ванта;
3367;фейри;
3368;жмдкость;
3369;котлета рубленная из курицы;
3370;тан свитлогор;
3371;салетка;
3372;taratelle;
3373;кастрюли luminarc;
3374;пилигр;
3375;коробка ам нямы;
3376;ацидофилин вятушк;
3377;гель synergetic;
3378;энэргетикэ;
3379;булка с отру;
3380;краска для головы;
3381;пензенский шпикачки;
3382;одноразовые тарелки;
3383;капаста;
3384;глазированые сырки;
3385;bora;
3386;хлеб чесночный;
3387;bakers;
3388;turatt;
3389;напиток вкус на;
3390;сулугуми;
3391;морлженле;
3392;облепиха horte;
3393;сок 2 литра;
3394;рсоря;
3395;паштет печёночный;
3396;тесто для пель;
3397;сахарзаменитель;
3398;жеватеоьная;
3399;сырок творожный с ванилином;
3400;лмонад;
3401;паприеа;
3402;ячненная;
3403;кильку;
3404;маковка;
3405;фаго;
3406;вйца;
3407;персихи;
3408;протейновые;
3409;mini;
3410;груша artfrui;
3411;булоочка;
3412;пр!ст виш;
3413;паста без фтора;
3414;огрыцы;
3415;сельдь красная цена;
3416;bar;
3417;мармалад;
3418;суббпродукты;
3419;трусы инканто;
3420;колты заморженная;
3421;шампиньрны;
3422;селдь слабсоленое;
3423;бюстгальтер милавиц;
3424;vips;
3425;филе ципленка;
3426;крыл;
3427;маковый;
3428;минеральная вода кармадон;
3429;extra;
3430;americano;
3431;кулинарные изделия;
3432;ломьик;
3433;актиме;
3434;периерийныестройства;
3435;сардину;
3436;chockop;
3437;хлеб 8 злаков;
3438;печенье молочное;
3439;рулетн;
3440;малиновое;
3441;ежевика тенд;
3442;сахап;
3443;какао с.пудовъ;
3444;авокато;
3445;бито;
3446;печёночн;
3447;яйцн;
3448;кондиционе;
3449;сахарный песок 5кг;
3450;конфеты с маком;
3451;pediasure;
3452;капуск;
3453;зерн;
3454;переноски дарэ;
3455;смесь гавайская;
3456;сахатаблетки в унитаз;
3457;зубных щеток;
3458;скумбрия магур;
3459;сосискиэ;
3460;стрючковая;
3461;кунчут;
3462;пеленк;
3463;пертрушка;
3464;сидр афанаси;
3465;стевиия;
3466;порошек стиральный;
3467;заливна;
3468;тан милково;
3469;отвертка у;
3470;багетй;
3471;маршмаллоу;
3472;прочая посуда;
3473;сэндвечи;
3474;смесь;
3475;памидор;
3476;борщу;
3477;растишк;
3478;исухарики;
3479;вафли с шоколадом;
3480;творог моч цена;
3481;миксбар;
3482;салатный;
3483;соусы абрико;
3484;блоки для туалета;
3485;конфеты суф;
3486;сушки мелкие с сыром;
3487;мороженое первый вкус;
3488;абуз;
3489;водо;
3490;одеяла violet;
3491;бак;
3492;смета6а;
3493;бублики сибхле;
3494;крем jundo;
3495;спорт;
3496;мираторг купа;
3497;белая ст;
3498;жвачку;
3499;centrum степл;
3500;молоко без глютена;
3501;sunfeel олива;
3502;чеснра;
3503;печенье утреннее;
3504;совох;
3505;козь;
3506;рассада;
3507;fish;
3508;каша засыпайка;
3509;зажигалка polar;
3510;спагетти9;
3511;творо;
3512;маршмелл;
3513;удонк;
3514;мороженое русский стандарт;
3515;mawll;
3516;крупссанв;
3517;сливични;
3518;мясо морожено;
3519;паштет для кота;
3520;сигареты marlbo;
3521;салфнтки;
3522;шапиньон;
3523;прчник;
3524;сендвици;
3525;туаленая;
3526;шпикачки  черкаш;
3527;виноград елочка;
3528;орехов звез;
3529;напитуи;
3530;сгона;
3531;огурнц;
3532;блинчик миритал;
3533;natures;
3534;pastero;
3535;палоски;
3536;квртофелт;
3537;багетты;
3538;фунчозп;
3539;лакомка тор;
3540;пюре брокколи;
3541;паста с морепродуктами;
3542;kotahyi;
3543;семечко;
3544;ватрцжка;
3545;пере;
3546;призер трус;
3547;гриле;
3548;гнздо;
3549;коворода сотйнк;
3550;бадьян sonnent;
3551;перцев;
3552;капсуры для стирки;
3553;коктейльные;
3554;мороденное;
3555;ароматизато;
3556;наполилн;
3557;соус кетчуп;
3558;чай зеле;
3559;дома rowenta;
3560;творожный сы;
3561;салат дальневосточный;
3562;мясной хл;
3563;бальзами;
3564;пресервы рыбны;
3565;семечки тыквен;
3566;творог мягкий станция;
3567;трубочки ама;
3568;льняное;
3569;просынь;
3570;discreet;
3571;потправа;
3572;мешки для мусора 120 л;
3573;сладост;
3574;кассета;
3575;песох;
3576;протеиновый;
3577;шпикачк;
3578;щётка зубная детская;
3579;крупа яч;
3580;пюре из кабачков;
3581;bakery;
3582;пкчкнье;
3583;зуна ас;
3584;гамак ostrov;
3585;удьтрапастеризованный;
3586;багета обнинск;
3587;наршарап;
3588;ер;
3589;borea;
3590;крыше;
3591;шуруповерт;
3592;люминарк чашка;
3593;онигириц;
3594;пироженое;
3595;доиры;
3596;носочки;
3597;тарелки herlit;
3598;молочный беби фокс;
3599;сливски;
3600;страчиьелла;
3601;кекч;
3602;лимоне;
3603;мукк;
3604;пудинг петрохл;
3605;обложек action;
3606;положи motormax;
3607;курицы мираторг;
3608;сервелатиней;
3609;жевательна;
3610;umka спре;
3611;молокушк;
3612;варенникт;
3613;наполнитель кошачий;
3614;martini винные;
3615;икра баклажанна;
3616;полотенцв;
3617;зубочистка русалочк;
3618;краска seasons;
3619;sobranie сигареты;
3620;икра кабачковая;
3621;эклерч;
3622;грейптфрукт;
3623;средство для обуви;
3624;сок томатный 2 л;
3625;роза;
3626;чесное;
3627;горошек зелёный;
3628;рыбк;
3629;серноголовк;
3630;картофел;
3631;подушечки рос;
3632;сытоедов;
3633;журналы umk;
3634;горчица зернистая;
3635;халаперьо;
3636;максвел чаш;
3637;рочая;
3638;айдиго ванили;
3639;svasso пальт;
3640;котлеты тз капуст;
3641;тайд;
3642;холва;
3643;мншки для завтрака;
3644;куры о;
3645;еартоыель;
3646;zarech'e если;
3647;attache калькулято;
3648;коктельй;
3649;сальников;
3650;калачи;
3651;вафли мягкие;
3652;соус деликат;
3653;буше;
3654;umka каранда;
3655;бульмент;
3656;шокллад;
3657;протиеновы;
3658;ринтек;
3659;маслинй;
3660;лупша;
3661;ошейники homep;
3662;томатыз;
3663;масоо;
3664;ботинки бимб;
3665;сухаики;
3666;дезодеран;
3667;каперчы;
3668;schwartau со;
3669;рис пропаренный в пакетиках;
3670;кефик;
3671;federici;
3672;белизнп;
3673;сэндвич с индейкой;
3674;орешки со с;
3675;солен;
3676;приправа перец;
3677;рафин;
3678;карачинская;
3679;энеигетик;
3680;майное;
3681;мушмсла;
3682;santal напиток;
3683;йогурты и творожки;
3684;готовые супы;
3685;марожние;
3686;сухарикиз;
3687;чай с ма;
3688;плёнка пищевая;
3689;морепродуктв;
3690;азливное;
3691;клубника artfrui;
3692;губок перекресто;
3693;сливочный сыр для супа;
3694;пирожо;
3695;простоквашаш;
3696;philippo;
3697;крышки сково;
3698;птисье;
3699;кексы, куличи;
3700;ковш;
3701;бедро цып;
3702;рыба замороженная;
3703;безлпктозный;
3704;морсы;
3705;мука рж;
3706;груддка;
3707;тунец для салатов;
3708;шпината тендер;
3709;каща;
3710;икра кабачковая дядя ваня;
3711;квант;
3712;шоколад с бзюмом;
3713;кремобогы;
3714;поме;
3715;скпабы;
3716;ала;
3717;сухой;
3718;балоньезе;
3719;салатники альтернатива;
3720;топлен;
3721;трюфе;
3722;спички lion;
3723;аз;
3724;ариант шампанск;
3725;морковбю;
3726;губки для по;
3727;конструктором dickie;
3728;карандшом;
3729;пати;
3730;whiskss;
3731;салфетки в коробке;
3732;прочие фруктовы;
3733;пимидоры;
3734;вилка перекрест;
3735;clipstudio блокно;
3736;энэргетики;
3737;тендер кабач;
3738;пористый;
3739;шоколатово;
3740;соус тар тар;
3741;сливкки;
3742;сыровялены;
3743;шокобат;
3744;барила;
3745;факелман крыше;
3746;limonfresh;
3747;чай диабетическ;
3748;чечев;
3749;конфеты по кофе;
3750;пнсенье;
3751;тарталеки;
3752;сок грейпфрут;
3753;копченн;
3754;связанка;
3755;маойнез;
3756;чиабата lori;
3757;ваффли;
3758;flashup;
3759;goodm;
3760;чай рассыпной;
3761;апельсинов;
3762;пирожкнное;
3763;охотниче;
3764;нож tramonti;
3765;шокладный;
3766;карандашей;
3767;копчено-запеченны;
3768;сёусом;
3769;чистящий;
3770;ватнын;
3771;ополье простоквашаш;
3772;сухофрукты;
3773;том ям лапша;
3774;fressco;
3775;пятнашки;
3776;чебереки;
3777;сры прчи;
3778;сухие смес;
3779;коктейлб;
3780;перец черный моло;
3781;погремушки плейгр;
3782;сетевое оборудовани;
3783;баклвжан;
3784;laima порошк;
3785;помидооры;
3786;лике;
3787;lego бана;
3788;саше chirt;
3789;центрум обложки;
3790;кукурный;
3791;авокажо;
3792;хровяные;
3793;сапоги защитные;
3794;овокад;
3795;формовой;
3796;рис бур;
3797;гама;
3798;кролика охлажденн;
3799;ликеры абрау-дюрс;
3800;сгущееуа;
3801;средство от нагар;
3802;гамак palisad;
3803;яйцр;
3804;солнцезащитный;
3805;авокао;
3806;свинина охлажденна;
3807;полуьублик;
3808;profon;
3809;сыр весёлый роджер;
3810;колорит также;
3811;сыр воздушный;
3812;каши молочн;
3813;традиционный;
3814;hend;
3815;нутово;
3816;хлебец wellber;
3817;огурчик;
3818;подсвечников inte;
3819;богатство сибири;
3820;булоски;
3821;игвоздик;
3822;йоогурт;
3823;redb;
3824;печенье с крошкой;
3825;кисломолочные коктейли;
3826;вода минеральная;
3827;круасана;
3828;холодк;
3829;vanis;
3830;огугец;
3831;гале;
3832;сырни;
3833;пломбир протеиновый;
3834;тетрадей;
3835;кейтчуп;
3836;баранка;
3837;libresse;
3838;арахисавая;
3839;мороженное пломбир;
3840;бумага для выпекания;
3841;ягоды в желе;
3842;озотничьи;
3843;семечуи;
3844;сспички;
3845;апельчиеы;
3846;рёбра свиные;
3847;соедство;
3848;топле;
3849;ризот;
3850;булмени;
3851;зубочистка;
3852;рис золотистый;
3853;для жарки колбаски;
3854;ягодный микс;
3855;приправа для буль;
3856;яйца куриные;
3857;вычечка;
3858;колбаса копчёная;
3859;хлеб марьин дом;
3860;сыр экомилк;
3861;боршщ;
3862;лисонная кислота;
3863;ромашки;
3864;туалетнаяка;
3865;блиным;
3866;печенье мария;
3867;говядина мороженая;
3868;протеиеовый;
3869;болкур;
3870;лимонад 2 литра;
3871;фасоль замороженная;
3872;сырок дружба;
3873;нагетсц;
3874;рулет с мак;
3875;фунчуза;
3876;геркулеу;
3877;торт вафельный без орехов;
3878;берлинское;
3879;чайг;
3880;toffee;
3881;tond;
3882;нф спички;
3883;бытовая хим;
3884;рыюные;
3885;сарафа;
3886;тесто для бебуреков;
3887;шоколад горький;
3888;пкльмкни;
3889;сендвич;
3890;яичный белок;
3891;сушка каравай;
3892;бедра филе;
3893;диана журнал;
3894;вода 19 л;
3895;мультифрукт;
3896;сок спды придонья;
3897;безлактозны;
3898;хн;
3899;городская;
3900;из скумбр;
3901;сыр российс;
3902;чечевица степ;
3903;хамса;
3904;лосьон zeitu;
3905;птбу;
3906;виногад;
3907;мсливки;
3908;сдлоба;
3909;марожэное;
3910;колбаса на подлодке;
3911;пакеты одноразовые;
3912;пончик;
3913;гумел;
3914;сельдь слабосолена;
3915;тндейки;
3916;ghoco;
3917;снежок пензенский;
3918;яйуэцо;
3919;фагот;
3920;печенье сырное;
3921;ватрцшка;
3922;шрирача;
3923;мультифиукт;
3924;кофе раствори;
3925;десери;
3926;моркопь;
3927;рыба;
3928;вода питьевая большой обьем;
3929;консервы скумбрия в масле;
3930;халва лаком;
3931;сыр_;
3932;конфеты батончики;
3933;патиссон boyar;
3934;сок сады придонья абрикос;
3935;наггетсы сызрань;
3936;концентрированный сок;
3937;ирис mento;
3938;артишоки;
3939;liited bsc;
3940;замороженные ягоды;
3941;маслыны;
3942;переноски titbi;
3943;формов;
3944;руколо;
3945;тыква fresco;
3946;рис агро-альян;
3947;переноски ferpla;
3948;arktik;
3949;груше;
3950;попкорм;
3951;сосиск;
3952;олейна;
3953;спаргетти;
3954;стиральный порошок;
3955;джек;
3956;наполнитель для лотка;
3957;тпомидор;
3958;биг бон вок;
3959;ванилини;
3960;tun;
3961;карбонара;
3962;энергетик без саха;
3963;варилин;
3964;double;
3965;кабачков;
3966;батончик мюсли;
3967;корм влажный;
3968;dolche;
3969;марсианка;
3970;пиротехнаика;
3971;горчич;
3972;радиоуправляемый игрушка;
3973;молокоз;
3974;макароныф;
3975;кабачек;
3976;кока кола вишня;
3977;хлеб дарницкий;
3978;онигирм;
3979;gln;
3980;эчп;
3981;капустая;
3982;крахмалл;
3983;прочие ликёро-водочн;
3984;матрас;
3985;гречневые хлопья;
3986;лапш;
3987;ррибы;
3988;курица филе бедро;
3989;кукурзу;
3990;клубничный;
3991;рпомидоры;
3992;сервировочная посуда;
3993;носков;
3994;крекеры;
3995;корнишону;
3996;булочны;
3997;приправа зажарка;
3998;губа;
3999;халва лакомка;
4000;бефстроганов;
4001;панировочнын;
4002;belivia;
4003;па;
4004;бородинкский;
4005;кисеель;
4006;пюреш;
4007;кроликов охлажденн;
4008;сырокопченые липецккомплекс;
4009;куроссан;
4010;курица филе;
4011;бананвы;
4012;умага;
4013;гречечкий;
4014;азу;
4015;мочевина;
4016;горьушк;
4017;клинский сардель;
4018;энегретик;
4019;спогетти;
4020;эабриикос;
4021;пена для бритья;
4022;glatika;
4023;чулугуни;
4024;огурцы консервированны;
4025;черничный;
4026;тунц;
4027;чипсы рифленные;
4028;сосиски сливочные;
4029;палочки aura;
4030;delicatos;
4031;замороженнное;
4032;курассаны;
4033;ливерноя;
4034;мочалкаи;
4035;куриные крылышки;
4036;сок hone kids;
4037;чернаслив;
4038;молочный костель чудо;
4039;колбосы;
4040;киви;
4041;перекресток зажигал;
4042;йогурт без сах;
4043;пирожные м;
4044;макаросы с сыром;
4045;вафельные рулетики;
4046;чай ягодный;
4047;полент;
4048;набор доя супа;
4049;блокноты проф-пресс;
4050;прочие пирожны;
4051;кардамо;
4052;халопеньо;
4053;гранол;
4054;погремушки sim;
4055;пеььмени;
4056;твртилья;
4057;ключницы;
4058;ггречка;
4059;тряпка дляя пола;
4060;бездразжевой;
4061;масло сливочное безлактозное;
4062;чай высокогорный;
4063;батон кефирный;
4064;галантерея;
4065;немолокь;
4066;пармезан;
4067;чай красная;
4068;энрегетик;
4069;мореовка;
4070;орех мускатный;
4071;сырнички ратимир;
4072;фарель;
4073;нарезк;
4074;кола бещ сахара;
4075;mixba;
4076;фруктовый;
4077;мэри сушка;
4078;пастухова;
4079;конфеты тёмная ночь;
4080;индей;
4081;ультрвпастеризованное;
4082;гольфы pomp;
4083;диски ast;
4084;bikale;
4085;ножи, ножев;
4086;сэдвич;
4087;настойка горька;
4088;погремушки sis;
4089;garibaldi;
4090;хлеб рж;
4091;ошурци;
4092;овсяный напиток;
4093;капуста квашенн;
4094;шокладки;
4095;позгузники;
4096;дрозжы;
4097;сметана давлекано;
4098;чаша;
4099;хлеб тосто;
4100;mikado красн;
4101;frutella;
4102;масло авокадо;
4103;тврог;
4104;влажные салфетк;
4105;velluro;
4106;хлопьев bonneterre;
4107;геркулесовый;
4108;хинкал;
4109;булочки с вишней;
4110;бездрржжевое;
4111;m&m's;
4112;капустна;
4113;мини-тарты;
4114;тропическ;
4115;розовое плодово;
4116;бальзам для волос;
4117;панировочнык;
4118;ростагроэкспорт комп;
4119;филе ку;
4120;kelli;
4121;венгерская закуска;
4122;архимед рож;
4123;яблоко гренни;
4124;кормх;
4125;бальзам алкогольны;
4126;производство грейпфруты;
4127;студ;
4128;пена для брц;
4129;криндельки;
4130;твердый a;
4131;брокли;
4132;хумусн;
4133;chamele;
4134;макаронны;
4135;хлебй;
4136;адрилан;
4137;bibi;
4138;блины с мясом;
4139;svasso паль;
4140;минералка не гпз;
4141;перчатки mult;
4142;маркет паште;
4143;крамал ищео;
4144;соль марке;
4145;коноплян;
4146;микс rich;
4147;краковмкая;
4148;коржи гурма;
4149;велтреажер;
4150;паста из мореп;
4151;ндуно игрушк;
4152;мультивитамины;
4153;брокко;
4154;кашка молочн;
4155;ряжена;
4156;сеиечки;
4157;сгещеное;
4158;газированная вода;
4159;пица;
4160;перец молотый черный;
4161;мородное;
4162;кок;
4163;пюре со сливками;
4164;колбасв;
4165;темто для пе;
4166;cofesso;
4167;сливкию;
4168;тавр;
4169;зубная щетка мягкой жескости;
4170;кухонный комбай;
4171;шампунь kens;
4172;чернич;
4173;зонт зонт;
4174;de0licat;
4175;сыр на пиццу;
4176;хлед;
4177;кукурузой тенде;
4178;нетканые;
4179;барилл;
4180;крепыш;
4181;тартилья;
4182;сумка louma;
4183;чай крупно листовой;
4184;печенье с глазурью;
4185;помидов;
4186;фитнес-аксессуары;
4187;гофе;
4188;питхайя;
4189;ополаскивателт;
4190;хлеь;
4191;механически;
4192;сырокопченый;
4193;сосистк;
4194;напмток;
4195;мармелад консервированн;
4196;ультрапастеризованны;
4197;хрустик;
4198;хлебцы лайт;
4199;котлеты готов;
4200;подвес;
4201;черкашин ветчина;
4202;блоки;
4203;бумага для выречки;
4204;alprn;
4205;тетради зени;
4206;маринованные;
4207;contex;
4208;parlamat;
4209;молокг;
4210;обложки inde;
4211;сыктывкархлеб кор;
4212;водка олимп;
4213;mars;
4214;chokop;
4215;икра мо;
4216;руокла;
4217;балы;
4218;сигарилл;
4219;минералка;
4220;tvix;
4221;полотннца;
4222;сосиски.;
4223;сливугки;
4224;alpen gold;
4225;попкорн приправыч;
4226;варено-копчены;
4227;плавки grazia;
4228;kamis шафр;
4229;росагрокомплекс;
4230;вода в больших;
4231;нарезка;
4232;тёртый;
4233;детское питание мясное;
4234;bull;
4235;колбасны;
4236;твёрдый сыр;
4237;чмк шпикачки;
4238;уксуса;
4239;ополаскиватель synerget;
4240;варенники;
4241;югрибы;
4242;свеклал;
4243;гигиеническ;
4244;яблоуи;
4245;фены фили;
4246;аслатницы;
4247;дрожже;
4248;прочие консер;
4249;оладей;
4250;разрыхлитель айди;
4251;сосиски⁸;
4252;elix impr;
4253;мёд;
4254;кефирз;
4255;улет;
4256;диванные подуш;
4257;kindee;
4258;порошрк;
4259;му му;
4260;милград;
4261;филт, кувшины;
4262;тушонкм;
4263;ореховая смесь смесь;
4264;мило;
4265;ячнев;
4266;sortex одея;
4267;капуста papadimitriou;
4268;семена эконо;
4269;дезодорант на мужской;
4270;йогурт без сахарад;
4271;сыр монаст;
4272;пылесосов philips;
4273;ростагрокомплекс;
4274;gari;
4275;рафаэл;
4276;яцца;
4277;подкопченая;
4278;всеслав баранк;
4279;сардины делатика;
4280;тертый сыр;
4281;кофе.;
4282;карсулы;
4283;сурник;
4284;салат сельдь;
4285;яицп;
4286;уголь для мангала;
4287;красное виноградн;
4288;карьошка;
4289;нагетс;
4290;сыроко;
4291;авкокадо;
4292;кири;
4293;бороди;
4294;пюрешки кашка для сна;
4295;мандаоин;
4296;энергети4;
4297;корм длы собак;
4298;помидор огурец капуста;
4299;сыробогатов;
4300;iska варенье;
4301;таблетбк;
4302;аос;
4303;тесто слоено;
4304;лиронас;
4305;блинчик сам;
4306;колбаса телячья;
4307;чкрнослив;
4308;прочая охлажденная;
4309;пряников милагро;
4310;роллт;
4311;curris;
4312;доброе;
4313;смасло;
4314;томаткая;
4315;fettica;
4316;боло;
4317;шоколат;
4318;сливки.;
4319;грудка копч;
4320;борч;
4321;таматы;
4322;ребра свиные;
4323;пивной напито;
4324;томаьный;
4325;терриаки;
4326;яблочное;
4327;морклвный;
4328;хаяапури;
4329;клюквенн;
4330;блинчики с мя;
4331;наполнител;
4332;кисель1;
4333;миед;
4334;журналы um;
4335;перфорато;
4336;корм9;
4337;баурсак;
4338;вафельная трубочка;
4339;paclan капсу;
4340;прросткв;
4341;капуста морская;
4342;хлеб белый красная;
4343;арбузи;
4344;кукурузнв;
4345;твороженные сырки;
4346;centrum ручек;
4347;крупы гречневой;
4348;каруста квашеная;
4349;мыло для кухни;
4350;fanta;
4351;горо8ек;
4352;мармеладь;
4353;рис в паее;
4354;кунжуьное;
4355;коллекция наволочк;
4356;кинлер;
4357;рыбки с луком;
4358;мндовик;
4359;шам;
4360;булоч;
4361;сыр натура;
4362;сливочнное;
4363;volit;
4364;сметана;
4365;gilett;
4366;колбасня;
4367;тарелко;
4368;шоколадка;
4369;кабочк;
4370;кетчу;
4371;exsponenta;
4372;вискам;
4373;руколла;
4374;питца;
4375;тан мила;
4376;чипсы driv;
4377;корзиночек кристалл;
4378;хлеб тостовы;
4379;мороженое шоколадное стаканчик;
4380;рулетики с ветчиной;
4381;листья сала;
4382;золень;
4383;сыхарики;
4384;цыплёно;
4385;чесниок;
4386;мссло;
4387;маслины без косто;
4388;nemol;
4389;первые блюда;
4390;газиоовка;
4391;чебопитца;
4392;nordi;
4393;кофем;
4394;чернослив перекресток;
4395;мюсди;
4396;мяср;
4397;творог тема груша;
4398;контик;
4399;протеи;
4400;пиыо;
4401;грейпрфрут;
4402;муко;
4403;вящанка;
4404;пшено селяноч;
4405;грибф;
4406;bibigo;
4407;сковорода;
4408;солонка;
4409;икра мойва;
4410;вамин капуста;
4411;фен ирит;
4412;треск;
4413;майони;
4414;nishoo;
4415;шарм;
4416;васаби kotanyi;
4417;burlesco колгот;
4418;заточные станк;
4419;авокадо тенд;
4420;сырокопчение;
4421;ватру;
4422;энергеик;
4423;перловк;
4424;родки;
4425;изоляционный материал;
4426;вр;
4427;уфимский;
4428;баклажаны сладк;
4429;чай с ромашкой детский;
4430;рафаелло;
4431;шампиньеоны;
4432;маомелад;
4433;капуста красная цена;
4434;вишневы;
4435;наволоч;
4436;гольфы oeme;
4437;вареноэ;
4438;чернослив seeberg;
4439;масло оливковое нерафинированное;
4440;тортольи;
4441;барбек;
4442;шоколаж;
4443;мацло;
4444;кукуруза консервированная;
4445;газированная;
4446;fairy;
4447;sanpellegrino трусы;
4448;полукопчен;
4449;буиажные;
4450;рагу слово мясника;
4451;сулугуни киржачск;
4452;милково;
4453;swet;
4454;безлактозовое;
4455;макарн;
4456;шарики шоколадные;
4457;карибская;
4458;мицелярна;
4459;зернисиая;
4460;дошширак;
4461;пензенский паште;
4462;белая;
4463;жмемдемс;
4464;огурцыф;
4465;средст;
4466;палочки с солью;
4467;спагери;
4468;сокосодержаший;
4469;минералка.;
4470;мороженое крем;
4471;vip;
4472;вермишелб;
4473;вкичина;
4474;панама призер;
4475;паста детская;
4476;булочное булк;
4477;малют;
4478;гриб;
4479;спрея марк;
4480;винный mixbar;
4481;зубрчистки;
4482;шоеолад;
4483;морконый;
4484;безалкогольное пиво;
4485;шпротв;
4486;шаверма;
4487;отварные овощи;
4488;наггетсы золотой петушок;
4489;производство укро;
4490;филе кури;
4491;пицйа;
4492;колгот. diwa;
4493;зубная паста с кальцием;
4494;семочка;
4495;бумажное полотенце;
4496;соленый огурец;
4497;лосось;
4498;манная;
4499;черепаха;
4500;новотер;
4501;тхк лепеш;
4502;оригири;
4503;варено-копченое сызран;
4504;вода со вку;
4505;колбаса сыро;
4506;сарвелат;
4507;йогруты;
4508;ьорщ;
4509;соцщенка;
4510;желе творожн;
4511;пасха даниссим;
4512;gilette;
4513;яйцод;
4514;маков;
4515;вишнята;
4516;иэдесерт;
4517;малыетки;
4518;кагор красное;
4519;шмаковская;
4520;дрожжи производст;
4521;туалетнаяя;
4522;санки, ледянки;
4523;сквиши;
4524;сапоги bambul;
4525;яйцо шоколадное;
4526;chokozavr;
4527;прочее мыло;
4528;пелемен;
4529;борщи;
4530;огурцы соленные;
4531;крепешь для рамы;
4532;фокача;
4533;мылл;
4534;термостатные;
4535;декоративное мыло;
4536;monin сиро;
4537;пинц;
4538;ларсен таба;
4539;йонурты;
4540;шпикачки йола;
4541;бытпласт та;
4542;cleanic гигиеническа;
4543;стекломои idila;
4544;био картофел;
4545;лист салат;
4546;греяечкий;
4547;чмк шпикачк;
4548;cykoria кускус;
4549;гранулы econ;
4550;морск;
4551;boompbar;
4552;scandix;
4553;прочая кру;
4554;omsa;
4555;жидкость для мытья посуды;
4556;горчичный порошо;
4557;сгущеннле;
4558;ликры;
4559;крупа кукурузная;
4560;кола без сахара.;
4561;салфетки влаж;
4562;плавки kea;
4563;баклажан рост;
4564;перчптки;
4565;пельмени буль буль;
4566;сыр топл;
4567;нутрила;
4568;батон аванга;
4569;батарейка jazzwa;
4570;салат белая;
4571;увлажняющий крем для лица;
4572;сельдь ocean;
4573;соч;
4574;томаты перетертые;
4575;чайный ассорт;
4576;нектар;
4577;fito;
4578;блинчикки;
4579;короткоплодные;
4580;чьлоки;
4581;hatber пластилин;
4582;говядин;
4583;гречка в пакети;
4584;корошек;
4585;мердце;
4586;вареник;
4587;влажное;
4588;морковь белоручка;
4589;краяноч;
4590;хлелцы;
4591;сок натуральный;
4592;смесь молочная;
4593;улитк;
4594;блокнотов;
4595;brun;
4596;иммуннеле;
4597;росинки;
4598;нф спичк;
4599;vinett;
4600;заливные афанас;
4601;кофеварка;
4602;горчицат;
4603;кофе 3 в р;
4604;ботинки jump;
4605;чтобы remocolor;
4606;растительно;
4607;стакана maderno;
4608;серышевский снежо;
4609;серце;
4610;йогурт станция молочная;
4611;саше sonn;
4612;повседневная одежд;
4613;мешки для сусора;
4614;круас;
4615;грибочки печенье;
4616;копченья;
4617;подушечки хрутк;
4618;грибы для супа;
4619;чай lipton;
4620;кал;
4621;шоколад cuisine royal;
4622;кастрюля pyrex;
4623;chirton са;
4624;панама приз;
4625;шариковый;
4626;специи для кирицы;
4627;ароматизатморов;
4628;творожки чудо шоколад;
4629;хна fi;
4630;orbit;
4631;штурвал шпроты;
4632;leb;
4633;паровыедховк;
4634;vileda совка;
4635;tella;
4636;проростко;
4637;чеснок;
4638;угольки;
4639;пастилка mariquit;
4640;телец ветчина;
4641;говяжий фарш;
4642;напольное покрыти;
4643;щетки season;
4644;прочие фруктовые;
4645;ментос;
4646;клбаса;
4647;салат черепаха;
4648;вода люкс газированная;
4649;молоко 1,5 %;
4650;гель для стирки для черного;
4651;polaris или;
4652;детский сок;
4653;зонт зонти;
4654;соль для посудомо;
4655;смородина fresco;
4656;русалочка губки;
4657;нива;
4658;багет котовскхл;
4659;нафинад;
4660;хонсервированные;
4661;виноград тенд;
4662;утренн;
4663;сыр слив;
4664;альмет;
4665;skitt;
4666;шоколад молочный россия;
4667;клет;
4668;граннола;
4669;на конфтами;
4670;сыр violette сливочный;
4671;средство для детской;
4672;чипсы рифленые;
4673;креветкиз;
4674;пирлженое;
4675;мягкие игрушки;
4676;лимом;
4677;чеснов;
4678;сметана с зеленью;
4679;юбилейгое;
4680;открытки, календари;
4681;брыгза;
4682;майоназ;
4683;семечки очищенные;
4684;фрутеола;
4685;одеяла марке;
4686;моллкн;
4687;сливно;
4688;петьевой;
4689;леде;
4690;№1 газета;
4691;мормелад;
4692;мультиварка vites;
4693;herlitz блокно;
4694;тропически1;
4695;карачинка;
4696;дворни;
4697;блинф;
4698;ранулы;
4699;тыорожный;
4700;макаро5ы;
4701;имунел;
4702;беляе;
4703;морожок;
4704;пюре роллтон;
4705;сакуленты;
4706;болоньезе;
4707;жввчка;
4708;кобачковая;
4709;карав;
4710;газирвока;
4711;творлг;
4712;biomax тан;
4713;рис на суши;
4714;корзиночка колибри;
4715;красная цена сыр;
4716;almete;
4717;artfruit голуби;
4718;cmo;
4719;снэк;
4720;крктейль;
4721;челны-хлеб хлебц;
4722;спаржа artfru;
4723;сливок сух;
4724;вареньеа;
4725;помидорвы;
4726;семь пче;
4727;украшения, ароматизац;
4728;минеральная вода газированная;
4729;lotus дис;
4730;абрикосовое;
4731;какао с.пудов;
4732;воджанка;
4733;ostrov тор;
4734;гольфы immagine;
4735;кофта;
4736;коробка;
4737;сыровяленое;
4738;клмпот;
4739;варен. umka;
4740;ferrero драже;
4741;белое ст;
4742;стиральный  порошо;
4743;спофетки;
4744;milana;
4745;ruzkom сейчас;
4746;nuttela;
4747;хллб;
4748;чебупиццы;
4749;ратимир колбасы;
4750;activia;
4751;вишневый джем;
4752;дрожжи производств;
4753;ba houe;
4754;бананки;
4755;лисичи;
4756;сушеная ры;
4757;вафли классическ;
4758;арахис;
4759;поммдор;
4760;грушп;
4761;бергамот;
4762;лмона;
4763;баранка далматово;
4764;exponenta;
4765;творог из березо;
4766;мелки action!;
4767;тарталетеи;
4768;варенье малина;
4769;оргурчик;
4770;прочие лакомст;
4771;верм;
4772;редька тенд;
4773;отбивны;
4774;скумюрия;
4775;курйа;
4776;liebendor;
4777;творожные продукт;
4778;лампы;
4779;пиццах;
4780;плавки disney;
4781;приправыч желати;
4782;кисломолочный;
4783;компот corrado;
4784;томаты в томатном соусе;
4785;моллао;
4786;анонасы;
4787;говяжий;
4788;макарлны;
4789;производство ды;
4790;мандарины artfruit;
4791;овощи мороженные;
4792;срус для бургеров;
4793;хпебопечь;
4794;манхо;
4795;помидоры соленые;
4796;желптин;
4797;сахар рафинад;
4798;карачиеская;
4799;средсто для мы;
4800;простыни togas;
4801;апельснины;
4802;kn;
4803;онигиря;
4804;лимоная;
4805;ента;
4806;щоколаж;
4807;lopton;
4808;трубоче;
4809;пребиотики;
4810;premial дис;
4811;capuchino;
4812;круасчаны;
4813;тушенка из говядины;
4814;молочны;
4815;коробок louman;
4816;масло ра;
4817;ножи laim;
4818;привет водка;
4819;делатика сарди;
4820;печентюь;
4821;россия шедрая душа;
4822;калаичк;
4823;энергетику;
4824;огкрьцы;
4825;маска для воллс;
4826;кондитерская;
4827;смородинк;
4828;кнцелярскийнабор;
4829;сыр купеческий;
4830;сельде;
4831;troffyum;
4832;сосиски¹;
4833;фрикадел;
4834;мчка;
4835;пяженку;
4836;капуста по деревенски;
4837;sok;
4838;бюстгальтера v;
4839;жевачка;
4840;йогурт⁹;
4841;балкажан;
4842;рткотта;
4843;доьрый кола без сахара;
4844;сендвит;
4845;сливушки;
4846;молочный смесь;
4847;свиные;
4848;палочки творожные;
4849;cuisin;
4850;оладуки;
4851;пай;
4852;колбаски вел;
4853;мырники;
4854;мандарины fresc;
4855;малтна;
4856;творожок село зеленое;
4857;мороженое без сах;
4858;растение;
4859;черешн;
4860;корзиночк;
4861;иасло сли;
4862;фитнес-аксессуа;
4863;zarech'e майон;
4864;чай ассорти;
4865;тушанка;
4866;monarch;
4867;брынза president;
4868;печеньещ;
4869;стопки, рюмки;
4870;стелька salton;
4871;мороженное в ведре;
4872;перчат;
4873;цегурт;
4874;зелень для салата;
4875;копчёные окорочка;
4876;лкарандаши;
4877;крышки hitt;
4878;мокровка;
4879;фрешба;
4880;редька тенде;
4881;палочки сдобные;
4882;мяслины;
4883;бананчи;
4884;отбелтватель;
4885;тостовй;
4886;приправва;
4887;увлажнители воздуха;
4888;копченая грудка;
4889;блинчик;
4890;биойогур;
4891;актимел;
4892;ополаскиватель gra;
4893;сгущенко;
4894;nespresso;
4895;зелёнь;
4896;ferrer;
4897;навигационное оборудование;
4898;соусы прочи;
4899;куртки, ветровки;
4900;вемол сметана;
4901;посмдоры;
4902;етчуп;
4903;курбатки;
4904;гель мужск;
4905;бульмееи;
4906;сок вишневый;
4907;step' кускус;
4908;ножни;
4909;моро;
4910;семаски;
4911;вафели;
4912;box;
4913;лимоннфй;
4914;пудинг а.ростагрокомплекс;
4915;беллини мармела;
4916;сахарны;
4917;плавлеены;
4918;хатбер степле;
4919;фены ровен;
4920;кукурузные сырные шарики;
4921;danone пасха;
4922;grinfield;
4923;варенье, мё;
4924;ммасло;
4925;лсалат;
4926;ручках марк;
4927;кардамон производст;
4928;твородна;
4929;помидлоры;
4930;фрикадельки из телятины;
4931;бумагой koopm;
4932;творожкм;
4933;мистер пропер для полов;
4934;огурйа;
4935;моорко;
4936;чесночный хлеб;
4937;чай детский;
4938;освежитель в комнату;
4939;пальто хамильт;
4940;martini бел;
4941;облипих;
4942;почиеоощ;
4943;пудинг нежн;
4944;ягоды свеж;
4945;стелька марке;
4946;горошек зеленый;
4947;липёшка;
4948;укроп ти;
4949;вялено;
4950;хлопья пшенные;
4951;с гарнира;
4952;грлм;
4953;охлажденнеы;
4954;president;
4955;чесночн;
4956;сушенный;
4957;каша marc&фис;
4958;чай серный;
4959;корнишоныр;
4960;гранола;
4961;хлэеб;
4962;соррженое;
4963;прочие натуральные;
4964;сыр бе;
4965;инедйка;
4966;нектар бариноф;
4967;напитки алкогольные;
4968;майонкзэ;
4969;ребрышки в маринаде;
4970;немясо;
4971;пылесосы;
4972;сладости;
4973;чаы;
4974;помидоры,;
4975;яац;
4976;чернологоловка;
4977;тендер шпроты;
4978;картошке;
4979;тазы хаусма;
4980;delikaiser;
4981;bel;
4982;консерво;
4983;крем репеллент;
4984;колк;
4985;морс клюквенный;
4986;мкл;
4987;сесночный;
4988;giohi przio;
4989;чернослив производство;
4990;клбуника;
4991;кисломолочные продукты;
4992;очки commo;
4993;энер;
4994;зепница;
4995;milkywa;
4996;очиститель для унитаза;
4997;арбузные;
4998;кашы;
4999;рычалк;
